0,39,303,264,156,156,39,39,0,0,79,40,39,39,39,0,0,0,1,1,0,1,1,0,0,0,0,0
0,37,288,251,134,134,37,37,0,0,75,38,37,37,37,0,0,0,1,1,0,1,1,0,0,0,0,0
0,37,276,239,174,174,37,37,0,0,75,38,37,37,37,0,0,0,1,1,0,1,1,0,0,0,0,0
0,37,259,222,155,155,37,37,0,0,75,38,37,37,37,0,0,0,1,1,0,1,1,0,0,0,0,0
0,36,278,242,181,181,36,36,0,0,73,37,36,36,36,0,0,0,1,1,0,1,1,0,0,0,0,0
0,36,293,257,144,144,36,36,0,0,73,37,36,36,36,0,0,0,1,1,0,1,1,0,0,0,0,0
0,38,299,261,155,155,38,38,0,0,77,39,38,38,38,0,0,0,1,1,0,1,1,0,0,0,0,0
0,36,305,269,209,209,36,36,0,0,73,37,36,36,36,0,0,0,1,1,0,1,1,0,0,0,0,0
0,37,284,247,157,157,37,37,0,0,75,38,37,37,37,0,0,0,1,1,0,1,1,0,0,0,0,0
0,36,257,221,163,163,36,36,0,0,73,37,36,36,36,0,0,0,1,1,0,1,1,0,0,0,0,0
0,37,352,315,182,182,37,37,0,0,75,38,37,37,37,0,0,0,1,1,0,1,1,0,0,0,0,0
0,37,328,291,203,203,37,37,0,0,75,38,37,37,37,0,0,0,1,1,0,1,1,0,0,0,0,0
0,36,309,273,172,172,36,36,0,0,73,37,36,36,36,0,0,0,1,1,0,1,1,0,0,0,0,0
0,38,354,316,238,238,38,38,0,0,77,39,38,38,38,0,0,0,1,1,0,1,1,0,0,0,0,0
0,36,335,299,222,222,36,36,0,0,73,37,36,36,36,0,0,0,1,1,0,1,1,0,0,0,0,0
0,37,271,234,130,130,37,37,0,0,75,38,37,37,37,0,0,0,1,1,0,1,1,0,0,0,0,0
0,36,262,226,137,137,36,36,0,0,73,37,36,36,36,0,0,0,1,1,0,1,1,0,0,0,0,0
0,37,322,285,196,196,37,37,0,0,75,38,37,37,37,0,0,0,1,1,0,1,1,0,0,0,0,0
0,37,285,248,161,161,37,37,0,0,75,38,37,37,37,0,0,0,1,1,0,1,1,0,0,0,0,0
0,37,305,268,198,198,37,37,0,0,75,38,37,37,37,0,0,0,1,1,0,1,1,0,0,0,0,0
0,37,278,241,166,166,37,37,0,0,75,38,37,37,37,0,0,0,1,1,0,1,1,0,0,0,0,0
0,36,264,228,159,159,36,36,0,0,73,37,36,36,36,0,0,0,1,1,0,1,1,0,0,0,0,0
0,37,318,281,165,165,37,37,0,0,75,38,37,37,37,0,0,0,1,1,0,1,1,0,0,0,0,0
0,37,293,256,171,171,37,37,0,0,75,38,37,37,37,0,0,0,1,1,0,1,1,0,0,0,0,0
0,36,257,221,145,145,36,36,0,0,73,37,36,36,36,0,0,0,1,1,0,1,1,0,0,0,0,0
0,37,337,300,209,209,37,37,0,0,75,38,37,37,37,0,0,0,1,1,0,1,1,0,0,0,0,0
0,37,293,256,165,165,37,37,0,0,75,38,37,37,37,0,0,0,1,1,0,1,1,0,0,0,0,0
0,37,304,267,173,173,37,37,0,0,75,38,37,37,37,0,0,0,1,1,0,1,1,0,0,0,0,0
0,36,267,231,162,162,36,36,0,0,73,37,36,36,36,0,0,0,1,1,0,1,1,0,0,0,0,0
0,37,343,306,172,172,37,37,0,0,75,38,37,37,37,0,0,0,1,1,0,1,1,0,0,0,0,0
0,36,270,234,166,166,36,36,0,0,73,37,36,36,36,0,0,0,1,1,0,1,1,0,0,0,0,0
0,37,361,324,156,156,37,37,0,0,75,38,37,37,37,0,0,0,1,1,0,1,1,0,0,0,0,0
0,38,309,271,153,153,38,38,0,0,77,39,38,38,38,0,0,0,1,1,0,1,1,0,0,0,0,0
0,38,342,304,183,183,38,38,0,0,77,39,38,38,38,0,0,0,1,1,0,1,1,0,0,0,0,0
0,36,304,268,194,194,36,36,0,0,73,37,36,36,36,0,0,0,1,1,0,1,1,0,0,0,0,0
0,37,345,308,184,184,37,37,0,0,75,38,37,37,37,0,0,0,1,1,0,1,1,0,0,0,0,0
0,37,299,262,163,163,37,37,0,0,75,38,37,37,37,0,0,0,1,1,0,1,1,0,0,0,0,0
0,37,342,305,244,244,37,37,0,0,75,38,37,37,37,0,0,0,1,1,0,1,1,0,0,0,0,0
0,38,290,252,151,151,38,38,0,0,77,39,38,38,38,0,0,0,1,1,0,1,1,0,0,0,0,0
0,38,272,234,160,160,38,38,0,0,77,39,38,38,38,0,0,0,1,1,0,1,1,0,0,0,0,0
0,36,289,253,192,192,36,36,0,0,73,37,36,36,36,0,0,0,1,1,0,1,1,0,0,0,0,0
0,36,274,238,148,148,36,36,0,0,73,37,36,36,36,0,0,0,1,1,0,1,1,0,0,0,0,0
0,37,295,258,177,177,37,37,0,0,75,38,37,37,37,0,0,0,1,1,0,1,1,0,0,0,0,0
0,38,272,234,172,172,38,38,0,0,77,39,38,38,38,0,0,0,1,1,0,1,1,0,0,0,0,0
0,37,266,229,170,170,37,37,0,0,75,38,37,37,37,0,0,0,1,1,0,1,1,0,0,0,0,0
0,37,313,276,195,195,37,37,0,0,75,38,37,37,37,0,0,0,1,1,0,1,1,0,0,0,0,0
0,37,284,247,187,187,37,37,0,0,75,38,37,37,37,0,0,0,1,1,0,1,1,0,0,0,0,0
0,37,273,236,153,153,37,37,0,0,75,38,37,37,37,0,0,0,1,1,0,1,1,0,0,0,0,0
0,38,372,334,204,204,38,38,0,0,77,39,38,38,38,0,0,0,1,1,0,1,1,0,0,0,0,0
0,36,313,277,160,160,36,36,0,0,73,37,36,36,36,0,0,0,1,1,0,1,1,0,0,0,0,0
0,37,310,273,209,209,37,37,0,0,75,38,37,37,37,0,0,0,1,1,0,1,1,0,0,0,0,0
0,37,335,298,177,177,37,37,0,0,75,38,37,37,37,0,0,0,1,1,0,1,1,0,0,0,0,0
0,37,297,260,194,194,37,37,0,0,75,38,37,37,37,0,0,0,1,1,0,1,1,0,0,0,0,0
0,36,287,251,173,173,36,36,0,0,73,37,36,36,36,0,0,0,1,1,0,1,1,0,0,0,0,0
0,38,276,238,170,170,38,38,0,0,77,39,38,38,38,0,0,0,1,1,0,1,1,0,0,0,0,0
0,36,270,234,162,162,36,36,0,0,73,37,36,36,36,0,0,0,1,1,0,1,1,0,0,0,0,0
0,36,283,247,159,159,36,36,0,0,73,37,36,36,36,0,0,0,1,1,0,1,1,0,0,0,0,0
0,37,349,312,253,253,37,37,0,0,75,38,37,37,37,0,0,0,1,1,0,1,1,0,0,0,0,0
0,37,263,226,157,157,37,37,0,0,75,38,37,37,37,0,0,0,1,1,0,1,1,0,0,0,0,0
0,36,282,246,162,162,36,36,0,0,73,37,36,36,36,0,0,0,1,1,0,1,1,0,0,0,0,0
0,36,265,229,116,116,36,36,0,0,73,37,36,36,36,0,0,0,1,1,0,1,1,0,0,0,0,0
0,37,255,218,139,139,37,37,0,0,75,38,37,37,37,0,0,0,1,1,0,1,1,0,0,0,0,0
0,36,291,255,150,150,36,36,0,0,73,37,36,36,36,0,0,0,1,1,0,1,1,0,0,0,0,0
0,37,272,235,151,151,37,37,0,0,75,38,37,37,37,0,0,0,1,1,0,1,1,0,0,0,0,0
0,36,278,242,188,188,36,36,0,0,73,37,36,36,36,0,0,0,1,1,0,1,1,0,0,0,0,0
0,36,320,284,184,184,36,36,0,0,73,37,36,36,36,0,0,0,1,1,0,1,1,0,0,0,0,0
0,38,258,220,150,150,38,38,0,0,77,39,38,38,38,0,0,0,1,1,0,1,1,0,0,0,0,0
0,37,280,243,175,175,37,37,0,0,75,38,37,37,37,0,0,0,1,1,0,1,1,0,0,0,0,0
0,37,291,254,191,191,37,37,0,0,75,38,37,37,37,0,0,0,1,1,0,1,1,0,0,0,0,0
0,37,306,269,203,203,37,37,0,0,75,38,37,37,37,0,0,0,1,1,0,1,1,0,0,0,0,0
0,38,301,263,186,186,38,38,0,0,77,39,38,38,38,0,0,0,1,1,0,1,1,0,0,0,0,0
0,36,291,255,159,159,36,36,0,0,73,37,36,36,36,0,0,0,1,1,0,1,1,0,0,0,0,0
0,39,279,240,166,166,39,39,0,0,79,40,39,39,39,0,0,0,1,1,0,1,1,0,0,0,0,0
0,37,278,241,145,145,37,37,0,0,75,38,37,37,37,0,0,0,1,1,0,1,1,0,0,0,0,0
0,37,305,268,207,207,37,37,0,0,75,38,37,37,37,0,0,0,1,1,0,1,1,0,0,0,0,0
0,38,306,268,182,182,38,38,0,0,77,39,38,38,38,0,0,0,1,1,0,1,1,0,0,0,0,0
0,37,323,286,220,220,37,37,0,0,75,38,37,37,37,0,0,0,1,1,0,1,1,0,0,0,0,0
0,36,280,244,157,157,36,36,0,0,73,37,36,36,36,0,0,0,1,1,0,1,1,0,0,0,0,0
0,37,332,295,187,187,37,37,0,0,75,38,37,37,37,0,0,0,1,1,0,1,1,0,0,0,0,0
0,36,270,234,163,163,36,36,0,0,73,37,36,36,36,0,0,0,1,1,0,1,1,0,0,0,0,0
0,36,298,262,188,188,36,36,0,0,73,37,36,36,36,0,0,0,1,1,0,1,1,0,0,0,0,0
0,37,297,260,164,164,37,37,0,0,75,38,37,37,37,0,0,0,1,1,0,1,1,0,0,0,0,0
0,37,263,226,160,160,37,37,0,0,75,38,37,37,37,0,0,0,1,1,0,1,1,0,0,0,0,0
0,37,355,318,193,193,37,37,0,0,75,38,37,37,37,0,0,0,1,1,0,1,1,0,0,0,0,0
0,36,270,234,144,144,36,36,0,0,73,37,36,36,36,0,0,0,1,1,0,1,1,0,0,0,0,0
0,38,290,252,193,193,38,38,0,0,77,39,38,38,38,0,0,0,1,1,0,1,1,0,0,0,0,0
0,36,261,225,147,147,36,36,0,0,73,37,36,36,36,0,0,0,1,1,0,1,1,0,0,0,0,0
0,38,287,249,178,178,38,38,0,0,77,39,38,38,38,0,0,0,1,1,0,1,1,0,0,0,0,0
0,36,293,257,178,178,36,36,0,0,73,37,36,36,36,0,0,0,1,1,0,1,1,0,0,0,0,0
0,36,264,228,146,146,36,36,0,0,73,37,36,36,36,0,0,0,1,1,0,1,1,0,0,0,0,0
0,37,419,382,315,315,37,37,0,0,75,38,37,37,37,0,0,0,1,1,0,1,1,0,0,0,0,0
0,36,287,251,167,167,36,36,0,0,73,37,36,36,36,0,0,0,1,1,0,1,1,0,0,0,0,0
0,36,272,236,165,165,36,36,0,0,73,37,36,36,36,0,0,0,1,1,0,1,1,0,0,0,0,0
0,37,275,238,146,146,37,37,0,0,75,38,37,37,37,0,0,0,1,1,0,1,1,0,0,0,0,0
0,36,250,214,147,147,36,36,0,0,73,37,36,36,36,0,0,0,1,1,0,1,1,0,0,0,0,0
0,36,263,227,143,143,36,36,0,0,73,37,36,36,36,0,0,0,1,1,0,1,1,0,0,0,0,0
0,36,299,263,170,170,36,36,0,0,73,37,36,36,36,0,0,0,1,1,0,1,1,0,0,0,0,0
0,38,378,340,220,220,38,38,0,0,77,39,38,38,38,0,0,0,1,1,0,1,1,0,0,0,0,0
0,36,271,235,151,151,36,36,0,0,73,37,36,36,36,0,0,0,1,1,0,1,1,0,0,0,0,0
0,38,285,247,171,171,38,38,0,0,77,39,38,38,38,0,0,0,1,1,0,1,1,0,0,0,0,0
0,36,270,234,143,143,36,36,0,0,73,37,36,36,36,0,0,0,1,1,0,1,1,0,0,0,0,0
0,36,330,294,223,223,36,36,0,0,73,37,36,36,36,0,0,0,1,1,0,1,1,0,0,0,0,0
0,36,307,271,196,196,36,36,0,0,73,37,36,36,36,0,0,0,1,1,0,1,1,0,0,0,0,0
0,38,323,285,235,235,38,38,0,0,77,39,38,38,38,0,0,0,1,1,0,1,1,0,0,0,0,0
0,37,257,220,157,157,37,37,0,0,75,38,37,37,37,0,0,0,1,1,0,1,1,0,0,0,0,0
0,37,309,272,213,213,37,37,0,0,75,38,37,37,37,0,0,0,1,1,0,1,1,0,0,0,0,0
0,38,262,224,139,139,38,38,0,0,77,39,38,38,38,0,0,0,1,1,0,1,1,0,0,0,0,0
0,37,299,262,162,162,37,37,0,0,75,38,37,37,37,0,0,0,1,1,0,1,1,0,0,0,0,0
0,37,302,265,190,190,37,37,0,0,75,38,37,37,37,0,0,0,1,1,0,1,1,0,0,0,0,0
0,38,285,247,166,166,38,38,0,0,77,39,38,38,38,0,0,0,1,1,0,1,1,0,0,0,0,0
0,37,283,246,168,168,37,37,0,0,75,38,37,37,37,0,0,0,1,1,0,1,1,0,0,0,0,0
0,38,271,233,149,149,38,38,0,0,77,39,38,38,38,0,0,0,1,1,0,1,1,0,0,0,0,0
0,37,305,268,173,173,37,37,0,0,75,38,37,37,37,0,0,0,1,1,0,1,1,0,0,0,0,0
0,37,302,265,171,171,37,37,0,0,75,38,37,37,37,0,0,0,1,1,0,1,1,0,0,0,0,0
0,37,290,253,146,146,37,37,0,0,75,38,37,37,37,0,0,0,1,1,0,1,1,0,0,0,0,0
0,36,250,214,158,158,36,36,0,0,73,37,36,36,36,0,0,0,1,1,0,1,1,0,0,0,0,0
0,37,275,238,146,146,37,37,0,0,75,38,37,37,37,0,0,0,1,1,0,1,1,0,0,0,0,0
0,37,278,241,163,163,37,37,0,0,75,38,37,37,37,0,0,0,1,1,0,1,1,0,0,0,0,0
0,38,345,307,214,214,38,38,0,0,77,39,38,38,38,0,0,0,1,1,0,1,1,0,0,0,0,0
0,37,307,270,187,187,37,37,0,0,75,38,37,37,37,0,0,0,1,1,0,1,1,0,0,0,0,0
0,36,329,293,197,197,36,36,0,0,73,37,36,36,36,0,0,0,1,1,0,1,1,0,0,0,0,0
0,36,258,222,148,148,36,36,0,0,73,37,36,36,36,0,0,0,1,1,0,1,1,0,0,0,0,0
0,36,288,252,157,157,36,36,0,0,73,37,36,36,36,0,0,0,1,1,0,1,1,0,0,0,0,0
0,36,331,295,215,215,36,36,0,0,73,37,36,36,36,0,0,0,1,1,0,1,1,0,0,0,0,0
0,37,278,241,165,165,37,37,0,0,75,38,37,37,37,0,0,0,1,1,0,1,1,0,0,0,0,0
0,38,339,301,238,238,38,38,0,0,77,39,38,38,38,0,0,0,1,1,0,1,1,0,0,0,0,0
0,38,312,274,205,205,38,38,0,0,77,39,38,38,38,0,0,0,1,1,0,1,1,0,0,0,0,0
0,38,328,290,177,177,38,38,0,0,77,39,38,38,38,0,0,0,1,1,0,1,1,0,0,0,0,0
0,37,344,307,204,204,37,37,0,0,75,38,37,37,37,0,0,0,1,1,0,1,1,0,0,0,0,0
0,36,268,232,156,156,36,36,0,0,73,37,36,36,36,0,0,0,1,1,0,1,1,0,0,0,0,0
0,37,276,239,144,144,37,37,0,0,75,38,37,37,37,0,0,0,1,1,0,1,1,0,0,0,0,0
0,37,260,223,140,140,37,37,0,0,75,38,37,37,37,0,0,0,1,1,0,1,1,0,0,0,0,0
0,38,314,276,191,191,38,38,0,0,77,39,38,38,38,0,0,0,1,1,0,1,1,0,0,0,0,0
0,36,299,263,152,152,36,36,0,0,73,37,36,36,36,0,0,0,1,1,0,1,1,0,0,0,0,0
0,36,265,229,142,142,36,36,0,0,73,37,36,36,36,0,0,0,1,1,0,1,1,0,0,0,0,0
0,37,302,265,184,184,37,37,0,0,75,38,37,37,37,0,0,0,1,1,0,1,1,0,0,0,0,0
0,39,316,277,199,199,39,39,0,0,79,40,39,39,39,0,0,0,1,1,0,1,1,0,0,0,0,0
0,38,311,273,230,230,38,38,0,0,77,39,38,38,38,0,0,0,1,1,0,1,1,0,0,0,0,0
0,36,245,209,148,148,36,36,0,0,73,37,36,36,36,0,0,0,1,1,0,1,1,0,0,0,0,0
0,37,273,236,192,192,37,37,0,0,75,38,37,37,37,0,0,0,1,1,0,1,1,0,0,0,0,0
0,38,331,293,203,203,38,38,0,0,77,39,38,38,38,0,0,0,1,1,0,1,1,0,0,0,0,0
0,37,261,224,166,166,37,37,0,0,75,38,37,37,37,0,0,0,1,1,0,1,1,0,0,0,0,0
0,37,268,231,143,143,37,37,0,0,75,38,37,37,37,0,0,0,1,1,0,1,1,0,0,0,0,0
0,37,307,270,209,209,37,37,0,0,75,38,37,37,37,0,0,0,1,1,0,1,1,0,0,0,0,0
0,36,323,287,207,207,36,36,0,0,73,37,36,36,36,0,0,0,1,1,0,1,1,0,0,0,0,0
0,37,276,239,148,148,37,37,0,0,75,38,37,37,37,0,0,0,1,1,0,1,1,0,0,0,0,0
0,37,320,283,208,208,37,37,0,0,75,38,37,37,37,0,0,0,1,1,0,1,1,0,0,0,0,0
0,36,275,239,171,171,36,36,0,0,73,37,36,36,36,0,0,0,1,1,0,1,1,0,0,0,0,0
0,36,279,243,166,166,36,36,0,0,73,37,36,36,36,0,0,0,1,1,0,1,1,0,0,0,0,0
0,37,306,269,160,160,37,37,0,0,75,38,37,37,37,0,0,0,1,1,0,1,1,0,0,0,0,0
0,37,404,367,220,220,37,37,0,0,75,38,37,37,37,0,0,0,1,1,0,1,1,0,0,0,0,0
0,37,291,254,190,190,37,37,0,0,75,38,37,37,37,0,0,0,1,1,0,1,1,0,0,0,0,0
0,36,283,247,162,162,36,36,0,0,73,37,36,36,36,0,0,0,1,1,0,1,1,0,0,0,0,0
0,37,282,245,165,165,37,37,0,0,75,38,37,37,37,0,0,0,1,1,0,1,1,0,0,0,0,0
0,36,358,322,230,230,36,36,0,0,73,37,36,36,36,0,0,0,1,1,0,1,1,0,0,0,0,0
0,36,271,235,151,151,36,36,0,0,73,37,36,36,36,0,0,0,1,1,0,1,1,0,0,0,0,0
0,39,311,272,212,212,39,39,0,0,79,40,39,39,39,0,0,0,1,1,0,1,1,0,0,0,0,0
0,37,276,239,166,166,37,37,0,0,75,38,37,37,37,0,0,0,1,1,0,1,1,0,0,0,0,0
0,37,286,249,183,183,37,37,0,0,75,38,37,37,37,0,0,0,1,1,0,1,1,0,0,0,0,0
0,37,308,271,225,225,37,37,0,0,75,38,37,37,37,0,0,0,1,1,0,1,1,0,0,0,0,0
0,37,289,252,191,191,37,37,0,0,75,38,37,37,37,0,0,0,1,1,0,1,1,0,0,0,0,0
0,36,267,231,126,126,36,36,0,0,73,37,36,36,36,0,0,0,1,1,0,1,1,0,0,0,0,0
0,36,273,237,153,153,36,36,0,0,73,37,36,36,36,0,0,0,1,1,0,1,1,0,0,0,0,0
0,37,306,269,151,151,37,37,0,0,75,38,37,37,37,0,0,0,1,1,0,1,1,0,0,0,0,0
0,37,281,244,145,145,37,37,0,0,75,38,37,37,37,0,0,0,1,1,0,1,1,0,0,0,0,0
0,37,256,219,141,141,37,37,0,0,75,38,37,37,37,0,0,0,1,1,0,1,1,0,0,0,0,0
0,37,274,237,161,161,37,37,0,0,75,38,37,37,37,0,0,0,1,1,0,1,1,0,0,0,0,0
0,36,298,262,163,163,36,36,0,0,73,37,36,36,36,0,0,0,1,1,0,1,1,0,0,0,0,0
0,36,357,321,168,168,36,36,0,0,73,37,36,36,36,0,0,0,1,1,0,1,1,0,0,0,0,0
0,37,353,316,212,212,37,37,0,0,75,38,37,37,37,0,0,0,1,1,0,1,1,0,0,0,0,0
0,37,333,296,203,203,37,37,0,0,75,38,37,37,37,0,0,0,1,1,0,1,1,0,0,0,0,0
0,38,310,272,159,159,38,38,0,0,77,39,38,38,38,0,0,0,1,1,0,1,1,0,0,0,0,0
0,38,336,298,230,230,38,38,0,0,77,39,38,38,38,0,0,0,1,1,0,1,1,0,0,0,0,0
0,38,306,268,204,204,38,38,0,0,77,39,38,38,38,0,0,0,1,1,0,1,1,0,0,0,0,0
0,37,262,225,141,141,37,37,0,0,75,38,37,37,37,0,0,0,1,1,0,1,1,0,0,0,0,0
0,37,273,236,152,152,37,37,0,0,75,38,37,37,37,0,0,0,1,1,0,1,1,0,0,0,0,0
0,37,330,293,189,189,37,37,0,0,75,38,37,37,37,0,0,0,1,1,0,1,1,0,0,0,0,0
0,36,345,309,232,232,36,36,0,0,73,37,36,36,36,0,0,0,1,1,0,1,1,0,0,0,0,0
0,36,284,248,179,179,36,36,0,0,73,37,36,36,36,0,0,0,1,1,0,1,1,0,0,0,0,0
0,38,314,276,196,196,38,38,0,0,77,39,38,38,38,0,0,0,1,1,0,1,1,0,0,0,0,0
0,37,281,244,174,174,37,37,0,0,75,38,37,37,37,0,0,0,1,1,0,1,1,0,0,0,0,0
0,37,286,249,159,159,37,37,0,0,75,38,37,37,37,0,0,0,1,1,0,1,1,0,0,0,0,0
0,36,401,365,243,243,36,36,0,0,73,37,36,36,36,0,0,0,1,1,0,1,1,0,0,0,0,0
0,37,332,295,194,194,37,37,0,0,75,38,37,37,37,0,0,0,1,1,0,1,1,0,0,0,0,0
0,37,302,265,208,208,37,37,0,0,75,38,37,37,37,0,0,0,1,1,0,1,1,0,0,0,0,0
0,36,303,267,202,202,36,36,0,0,73,37,36,36,36,0,0,0,1,1,0,1,1,0,0,0,0,0
0,36,303,267,172,172,36,36,0,0,73,37,36,36,36,0,0,0,1,1,0,1,1,0,0,0,0,0
0,36,279,243,184,184,36,36,0,0,73,37,36,36,36,0,0,0,1,1,0,1,1,0,0,0,0,0
0,39,341,302,208,208,39,39,0,0,79,40,39,39,39,0,0,0,1,1,0,1,1,0,0,0,0,0
0,36,345,309,217,217,36,36,0,0,73,37,36,36,36,0,0,0,1,1,0,1,1,0,0,0,0,0
0,36,320,284,215,215,36,36,0,0,73,37,36,36,36,0,0,0,1,1,0,1,1,0,0,0,0,0
0,38,314,276,217,217,38,38,0,0,77,39,38,38,38,0,0,0,1,1,0,1,1,0,0,0,0,0
0,36,286,250,122,122,36,36,0,0,73,37,36,36,36,0,0,0,1,1,0,1,1,0,0,0,0,0
0,38,337,299,240,240,38,38,0,0,77,39,38,38,38,0,0,0,1,1,0,1,1,0,0,0,0,0
0,37,304,267,183,183,37,37,0,0,75,38,37,37,37,0,0,0,1,1,0,1,1,0,0,0,0,0
0,36,316,280,173,173,36,36,0,0,73,37,36,36,36,0,0,0,1,1,0,1,1,0,0,0,0,0
0,37,263,226,154,154,37,37,0,0,75,38,37,37,37,0,0,0,1,1,0,1,1,0,0,0,0,0
0,37,289,252,179,179,37,37,0,0,75,38,37,37,37,0,0,0,1,1,0,1,1,0,0,0,0,0
0,37,311,274,182,182,37,37,0,0,75,38,37,37,37,0,0,0,1,1,0,1,1,0,0,0,0,0
0,36,309,273,180,180,36,36,0,0,73,37,36,36,36,0,0,0,1,1,0,1,1,0,0,0,0,0
0,36,290,254,148,148,36,36,0,0,73,37,36,36,36,0,0,0,1,1,0,1,1,0,0,0,0,0
0,38,328,290,215,215,38,38,0,0,77,39,38,38,38,0,0,0,1,1,0,1,1,0,0,0,0,0
0,37,275,238,139,139,37,37,0,0,75,38,37,37,37,0,0,0,1,1,0,1,1,0,0,0,0,0
0,36,288,252,176,176,36,36,0,0,73,37,36,36,36,0,0,0,1,1,0,1,1,0,0,0,0,0
0,37,302,265,202,202,37,37,0,0,75,38,37,37,37,0,0,0,1,1,0,1,1,0,0,0,0,0
0,36,265,229,155,155,36,36,0,0,73,37,36,36,36,0,0,0,1,1,0,1,1,0,0,0,0,0
0,38,297,259,177,177,38,38,0,0,77,39,38,38,38,0,0,0,1,1,0,1,1,0,0,0,0,0
0,37,310,273,219,219,37,37,0,0,75,38,37,37,37,0,0,0,1,1,0,1,1,0,0,0,0,0
0,37,277,240,181,181,37,37,0,0,75,38,37,37,37,0,0,0,1,1,0,1,1,0,0,0,0,0
0,36,281,245,184,184,36,36,0,0,73,37,36,36,36,0,0,0,1,1,0,1,1,0,0,0,0,0
0,36,281,245,170,170,36,36,0,0,73,37,36,36,36,0,0,0,1,1,0,1,1,0,0,0,0,0
0,38,368,330,234,234,38,38,0,0,77,39,38,38,38,0,0,0,1,1,0,1,1,0,0,0,0,0
0,37,301,264,150,150,37,37,0,0,75,38,37,37,37,0,0,0,1,1,0,1,1,0,0,0,0,0
0,36,269,233,144,144,36,36,0,0,73,37,36,36,36,0,0,0,1,1,0,1,1,0,0,0,0,0
0,38,324,286,190,190,38,38,0,0,77,39,38,38,38,0,0,0,1,1,0,1,1,0,0,0,0,0
0,38,320,282,218,218,38,38,0,0,77,39,38,38,38,0,0,0,1,1,0,1,1,0,0,0,0,0
0,36,270,234,148,148,36,36,0,0,73,37,36,36,36,0,0,0,1,1,0,1,1,0,0,0,0,0
0,37,282,245,167,167,37,37,0,0,75,38,37,37,37,0,0,0,1,1,0,1,1,0,0,0,0,0
0,37,274,237,128,128,37,37,0,0,75,38,37,37,37,0,0,0,1,1,0,1,1,0,0,0,0,0
0,36,263,227,159,159,36,36,0,0,73,37,36,36,36,0,0,0,1,1,0,1,1,0,0,0,0,0
0,36,281,245,173,173,36,36,0,0,73,37,36,36,36,0,0,0,1,1,0,1,1,0,0,0,0,0
0,37,292,255,150,150,37,37,0,0,75,38,37,37,37,0,0,0,1,1,0,1,1,0,0,0,0,0
0,37,392,355,260,260,37,37,0,0,75,38,37,37,37,0,0,0,1,1,0,1,1,0,0,0,0,0
0,38,324,286,195,195,38,38,0,0,77,39,38,38,38,0,0,0,1,1,0,1,1,0,0,0,0,0
0,36,346,310,238,238,36,36,0,0,73,37,36,36,36,0,0,0,1,1,0,1,1,0,0,0,0,0
0,36,264,228,132,132,36,36,0,0,73,37,36,36,36,0,0,0,1,1,0,1,1,0,0,0,0,0
0,38,322,284,235,235,38,38,0,0,77,39,38,38,38,0,0,0,1,1,0,1,1,0,0,0,0,0
0,37,305,268,206,206,37,37,0,0,75,38,37,37,37,0,0,0,1,1,0,1,1,0,0,0,0,0
0,37,284,247,149,149,37,37,0,0,75,38,37,37,37,0,0,0,1,1,0,1,1,0,0,0,0,0
0,37,279,242,163,163,37,37,0,0,75,38,37,37,37,0,0,0,1,1,0,1,1,0,0,0,0,0
0,37,250,213,144,144,37,37,0,0,75,38,37,37,37,0,0,0,1,1,0,1,1,0,0,0,0,0
0,36,285,249,161,161,36,36,0,0,73,37,36,36,36,0,0,0,1,1,0,1,1,0,0,0,0,0
0,37,267,230,160,160,37,37,0,0,75,38,37,37,37,0,0,0,1,1,0,1,1,0,0,0,0,0
0,37,318,281,190,190,37,37,0,0,75,38,37,37,37,0,0,0,1,1,0,1,1,0,0,0,0,0
0,36,334,298,245,245,36,36,0,0,73,37,36,36,36,0,0,0,1,1,0,1,1,0,0,0,0,0
0,37,362,325,214,214,37,37,0,0,75,38,37,37,37,0,0,0,1,1,0,1,1,0,0,0,0,0
0,36,279,243,129,129,36,36,0,0,73,37,36,36,36,0,0,0,1,1,0,1,1,0,0,0,0,0
0,37,310,273,189,189,37,37,0,0,75,38,37,37,37,0,0,0,1,1,0,1,1,0,0,0,0,0
0,37,293,256,198,198,37,37,0,0,75,38,37,37,37,0,0,0,1,1,0,1,1,0,0,0,0,0
0,38,293,255,155,155,38,38,0,0,77,39,38,38,38,0,0,0,1,1,0,1,1,0,0,0,0,0
0,38,341,303,182,182,38,38,0,0,77,39,38,38,38,0,0,0,1,1,0,1,1,0,0,0,0,0
0,38,337,299,205,205,38,38,0,0,77,39,38,38,38,0,0,0,1,1,0,1,1,0,0,0,0,0
0,37,332,295,198,198,37,37,0,0,75,38,37,37,37,0,0,0,1,1,0,1,1,0,0,0,0,0
0,37,296,259,174,174,37,37,0,0,75,38,37,37,37,0,0,0,1,1,0,1,1,0,0,0,0,0
0,37,278,241,178,178,37,37,0,0,75,38,37,37,37,0,0,0,1,1,0,1,1,0,0,0,0,0
0,37,275,238,161,161,37,37,0,0,75,38,37,37,37,0,0,0,1,1,0,1,1,0,0,0,0,0
0,37,294,257,201,201,37,37,0,0,75,38,37,37,37,0,0,0,1,1,0,1,1,0,0,0,0,0
0,36,285,249,164,164,36,36,0,0,73,37,36,36,36,0,0,0,1,1,0,1,1,0,0,0,0,0
0,39,316,277,204,204,39,39,0,0,79,40,39,39,39,0,0,0,1,1,0,1,1,0,0,0,0,0
0,38,269,231,147,147,38,38,0,0,77,39,38,38,38,0,0,0,1,1,0,1,1,0,0,0,0,0
0,37,284,247,174,174,37,37,0,0,75,38,37,37,37,0,0,0,1,1,0,1,1,0,0,0,0,0
0,36,313,277,189,189,36,36,0,0,73,37,36,36,36,0,0,0,1,1,0,1,1,0,0,0,0,0
0,37,320,283,215,215,37,37,0,0,75,38,37,37,37,0,0,0,1,1,0,1,1,0,0,0,0,0
0,36,354,318,256,256,36,36,0,0,73,37,36,36,36,0,0,0,1,1,0,1,1,0,0,0,0,0
0,37,311,274,218,218,37,37,0,0,75,38,37,37,37,0,0,0,1,1,0,1,1,0,0,0,0,0
0,36,263,227,128,128,36,36,0,0,73,37,36,36,36,0,0,0,1,1,0,1,1,0,0,0,0,0
0,37,278,241,175,175,37,37,0,0,75,38,37,37,37,0,0,0,1,1,0,1,1,0,0,0,0,0
0,37,271,234,173,173,37,37,0,0,75,38,37,37,37,0,0,0,1,1,0,1,1,0,0,0,0,0
0,36,336,300,217,217,36,36,0,0,73,37,36,36,36,0,0,0,1,1,0,1,1,0,0,0,0,0
0,38,313,275,195,195,38,38,0,0,77,39,38,38,38,0,0,0,1,1,0,1,1,0,0,0,0,0
0,38,296,258,187,187,38,38,0,0,77,39,38,38,38,0,0,0,1,1,0,1,1,0,0,0,0,0
0,36,291,255,115,115,36,36,0,0,73,37,36,36,36,0,0,0,1,1,0,1,1,0,0,0,0,0
0,37,310,273,197,197,37,37,0,0,75,38,37,37,37,0,0,0,1,1,0,1,1,0,0,0,0,0
0,39,279,240,186,186,39,39,0,0,79,40,39,39,39,0,0,0,1,1,0,1,1,0,0,0,0,0
0,36,268,232,165,165,36,36,0,0,73,37,36,36,36,0,0,0,1,1,0,1,1,0,0,0,0,0
0,36,349,313,238,238,36,36,0,0,73,37,36,36,36,0,0,0,1,1,0,1,1,0,0,0,0,0
0,36,276,240,166,166,36,36,0,0,73,37,36,36,36,0,0,0,1,1,0,1,1,0,0,0,0,0
0,37,297,260,134,134,37,37,0,0,75,38,37,37,37,0,0,0,1,1,0,1,1,0,0,0,0,0
0,37,279,242,181,181,37,37,0,0,75,38,37,37,37,0,0,0,1,1,0,1,1,0,0,0,0,0
0,38,289,251,183,183,38,38,0,0,77,39,38,38,38,0,0,0,1,1,0,1,1,0,0,0,0,0
0,38,368,330,215,215,38,38,0,0,77,39,38,38,38,0,0,0,1,1,0,1,1,0,0,0,0,0
0,37,311,274,157,157,37,37,0,0,75,38,37,37,37,0,0,0,1,1,0,1,1,0,0,0,0,0
0,37,298,261,192,192,37,37,0,0,75,38,37,37,37,0,0,0,1,1,0,1,1,0,0,0,0,0
0,37,266,229,156,156,37,37,0,0,75,38,37,37,37,0,0,0,1,1,0,1,1,0,0,0,0,0
0,38,285,247,149,149,38,38,0,0,77,39,38,38,38,0,0,0,1,1,0,1,1,0,0,0,0,0
0,37,298,261,160,160,37,37,0,0,75,38,37,37,37,0,0,0,1,1,0,1,1,0,0,0,0,0
0,36,284,248,179,179,36,36,0,0,73,37,36,36,36,0,0,0,1,1,0,1,1,0,0,0,0,0
0,37,294,257,166,166,37,37,0,0,75,38,37,37,37,0,0,0,1,1,0,1,1,0,0,0,0,0
0,37,273,236,171,171,37,37,0,0,75,38,37,37,37,0,0,0,1,1,0,1,1,0,0,0,0,0
0,36,324,288,206,206,36,36,0,0,73,37,36,36,36,0,0,0,1,1,0,1,1,0,0,0,0,0
0,36,307,271,157,157,36,36,0,0,73,37,36,36,36,0,0,0,1,1,0,1,1,0,0,0,0,0
0,37,300,263,193,193,37,37,0,0,75,38,37,37,37,0,0,0,1,1,0,1,1,0,0,0,0,0
0,37,318,281,208,208,37,37,0,0,75,38,37,37,37,0,0,0,1,1,0,1,1,0,0,0,0,0
0,38,367,329,252,252,38,38,0,0,77,39,38,38,38,0,0,0,1,1,0,1,1,0,0,0,0,0
0,37,282,245,163,163,37,37,0,0,75,38,37,37,37,0,0,0,1,1,0,1,1,0,0,0,0,0
0,36,256,220,149,149,36,36,0,0,73,37,36,36,36,0,0,0,1,1,0,1,1,0,0,0,0,0
0,36,288,252,145,145,36,36,0,0,73,37,36,36,36,0,0,0,1,1,0,1,1,0,0,0,0,0
0,37,274,237,155,155,37,37,0,0,75,38,37,37,37,0,0,0,1,1,0,1,1,0,0,0,0,0
0,38,321,283,202,202,38,38,0,0,77,39,38,38,38,0,0,0,1,1,0,1,1,0,0,0,0,0
0,37,253,216,132,132,37,37,0,0,75,38,37,37,37,0,0,0,1,1,0,1,1,0,0,0,0,0
0,36,285,249,174,174,36,36,0,0,73,37,36,36,36,0,0,0,1,1,0,1,1,0,0,0,0,0
0,37,289,252,180,180,37,37,0,0,75,38,37,37,37,0,0,0,1,1,0,1,1,0,0,0,0,0
0,37,270,233,150,150,37,37,0,0,75,38,37,37,37,0,0,0,1,1,0,1,1,0,0,0,0,0
0,38,291,253,185,185,38,38,0,0,77,39,38,38,38,0,0,0,1,1,0,1,1,0,0,0,0,0
0,36,275,239,150,150,36,36,0,0,73,37,36,36,36,0,0,0,1,1,0,1,1,0,0,0,0,0
0,36,270,234,167,167,36,36,0,0,73,37,36,36,36,0,0,0,1,1,0,1,1,0,0,0,0,0
0,37,353,316,243,243,37,37,0,0,75,38,37,37,37,0,0,0,1,1,0,1,1,0,0,0,0,0
0,36,270,234,148,148,36,36,0,0,73,37,36,36,36,0,0,0,1,1,0,1,1,0,0,0,0,0
0,39,279,240,157,157,39,39,0,0,79,40,39,39,39,0,0,0,1,1,0,1,1,0,0,0,0,0
0,36,312,276,216,216,36,36,0,0,73,37,36,36,36,0,0,0,1,1,0,1,1,0,0,0,0,0
0,36,275,239,156,156,36,36,0,0,73,37,36,36,36,0,0,0,1,1,0,1,1,0,0,0,0,0
0,37,330,293,188,188,37,37,0,0,75,38,37,37,37,0,0,0,1,1,0,1,1,0,0,0,0,0
0,37,304,267,182,182,37,37,0,0,75,38,37,37,37,0,0,0,1,1,0,1,1,0,0,0,0,0
0,37,336,299,204,204,37,37,0,0,75,38,37,37,37,0,0,0,1,1,0,1,1,0,0,0,0,0
0,37,255,218,134,134,37,37,0,0,75,38,37,37,37,0,0,0,1,1,0,1,1,0,0,0,0,0
0,37,275,238,142,142,37,37,0,0,75,38,37,37,37,0,0,0,1,1,0,1,1,0,0,0,0,0
0,38,283,245,185,185,38,38,0,0,77,39,38,38,38,0,0,0,1,1,0,1,1,0,0,0,0,0
0,36,316,280,187,187,36,36,0,0,73,37,36,36,36,0,0,0,1,1,0,1,1,0,0,0,0,0
0,38,311,273,221,221,38,38,0,0,77,39,38,38,38,0,0,0,1,1,0,1,1,0,0,0,0,0
0,37,285,248,182,182,37,37,0,0,75,38,37,37,37,0,0,0,1,1,0,1,1,0,0,0,0,0
0,38,342,304,215,215,38,38,0,0,77,39,38,38,38,0,0,0,1,1,0,1,1,0,0,0,0,0
0,37,267,230,140,140,37,37,0,0,75,38,37,37,37,0,0,0,1,1,0,1,1,0,0,0,0,0
0,38,301,263,161,161,38,38,0,0,77,39,38,38,38,0,0,0,1,1,0,1,1,0,0,0,0,0
0,36,316,280,228,228,36,36,0,0,73,37,36,36,36,0,0,0,1,1,0,1,1,0,0,0,0,0
0,36,303,267,156,156,36,36,0,0,73,37,36,36,36,0,0,0,1,1,0,1,1,0,0,0,0,0
0,36,298,262,127,127,36,36,0,0,73,37,36,36,36,0,0,0,1,1,0,1,1,0,0,0,0,0
0,36,293,257,112,112,36,36,0,0,73,37,36,36,36,0,0,0,1,1,0,1,1,0,0,0,0,0
0,39,290,251,203,203,39,39,0,0,79,40,39,39,39,0,0,0,1,1,0,1,1,0,0,0,0,0
0,36,281,245,188,188,36,36,0,0,73,37,36,36,36,0,0,0,1,1,0,1,1,0,0,0,0,0
0,37,278,241,164,164,37,37,0,0,75,38,37,37,37,0,0,0,1,1,0,1,1,0,0,0,0,0
0,38,344,306,202,202,38,38,0,0,77,39,38,38,38,0,0,0,1,1,0,1,1,0,0,0,0,0
0,38,320,282,167,167,38,38,0,0,77,39,38,38,38,0,0,0,1,1,0,1,1,0,0,0,0,0
0,37,343,306,216,216,37,37,0,0,75,38,37,37,37,0,0,0,1,1,0,1,1,0,0,0,0,0
0,37,348,311,260,260,37,37,0,0,75,38,37,37,37,0,0,0,1,1,0,1,1,0,0,0,0,0
0,36,311,275,196,196,36,36,0,0,73,37,36,36,36,0,0,0,1,1,0,1,1,0,0,0,0,0
0,37,289,252,187,187,37,37,0,0,75,38,37,37,37,0,0,0,1,1,0,1,1,0,0,0,0,0
0,36,316,280,203,203,36,36,0,0,73,37,36,36,36,0,0,0,1,1,0,1,1,0,0,0,0,0
0,37,320,283,192,192,37,37,0,0,75,38,37,37,37,0,0,0,1,1,0,1,1,0,0,0,0,0
0,37,307,270,190,190,37,37,0,0,75,38,37,37,37,0,0,0,1,1,0,1,1,0,0,0,0,0
0,38,297,259,202,202,38,38,0,0,77,39,38,38,38,0,0,0,1,1,0,1,1,0,0,0,0,0
0,36,261,225,142,142,36,36,0,0,73,37,36,36,36,0,0,0,1,1,0,1,1,0,0,0,0,0
0,37,270,233,160,160,37,37,0,0,75,38,37,37,37,0,0,0,1,1,0,1,1,0,0,0,0,0
0,36,289,253,198,198,36,36,0,0,73,37,36,36,36,0,0,0,1,1,0,1,1,0,0,0,0,0
0,37,280,243,166,166,37,37,0,0,75,38,37,37,37,0,0,0,1,1,0,1,1,0,0,0,0,0
0,37,296,259,177,177,37,37,0,0,75,38,37,37,37,0,0,0,1,1,0,1,1,0,0,0,0,0
0,37,322,285,171,171,37,37,0,0,75,38,37,37,37,0,0,0,1,1,0,1,1,0,0,0,0,0
0,36,265,229,125,125,36,36,0,0,73,37,36,36,36,0,0,0,1,1,0,1,1,0,0,0,0,0
0,37,296,259,176,176,37,37,0,0,75,38,37,37,37,0,0,0,1,1,0,1,1,0,0,0,0,0
0,37,312,275,192,192,37,37,0,0,75,38,37,37,37,0,0,0,1,1,0,1,1,0,0,0,0,0
0,36,351,315,241,241,36,36,0,0,73,37,36,36,36,0,0,0,1,1,0,1,1,0,0,0,0,0
0,37,303,266,196,196,37,37,0,0,75,38,37,37,37,0,0,0,1,1,0,1,1,0,0,0,0,0
0,37,279,242,167,167,37,37,0,0,75,38,37,37,37,0,0,0,1,1,0,1,1,0,0,0,0,0
0,36,269,233,164,164,36,36,0,0,73,37,36,36,36,0,0,0,1,1,0,1,1,0,0,0,0,0
0,38,356,318,210,210,38,38,0,0,77,39,38,38,38,0,0,0,1,1,0,1,1,0,0,0,0,0
0,37,348,311,202,202,37,37,0,0,75,38,37,37,37,0,0,0,1,1,0,1,1,0,0,0,0,0
0,39,301,262,192,192,39,39,0,0,79,40,39,39,39,0,0,0,1,1,0,1,1,0,0,0,0,0
0,36,294,258,187,187,36,36,0,0,73,37,36,36,36,0,0,0,1,1,0,1,1,0,0,0,0,0
0,37,277,240,173,173,37,37,0,0,75,38,37,37,37,0,0,0,1,1,0,1,1,0,0,0,0,0
0,37,285,248,169,169,37,37,0,0,75,38,37,37,37,0,0,0,1,1,0,1,1,0,0,0,0,0
0,36,294,258,193,193,36,36,0,0,73,37,36,36,36,0,0,0,1,1,0,1,1,0,0,0,0,0
0,37,308,271,184,184,37,37,0,0,75,38,37,37,37,0,0,0,1,1,0,1,1,0,0,0,0,0
0,37,309,272,214,214,37,37,0,0,75,38,37,37,37,0,0,0,1,1,0,1,1,0,0,0,0,0
0,36,269,233,141,141,36,36,0,0,73,37,36,36,36,0,0,0,1,1,0,1,1,0,0,0,0,0
0,36,282,246,191,191,36,36,0,0,73,37,36,36,36,0,0,0,1,1,0,1,1,0,0,0,0,0
0,37,289,252,176,176,37,37,0,0,75,38,37,37,37,0,0,0,1,1,0,1,1,0,0,0,0,0
0,38,284,246,186,186,38,38,0,0,77,39,38,38,38,0,0,0,1,1,0,1,1,0,0,0,0,0
0,37,294,257,183,183,37,37,0,0,75,38,37,37,37,0,0,0,1,1,0,1,1,0,0,0,0,0
0,36,291,255,192,192,36,36,0,0,73,37,36,36,36,0,0,0,1,1,0,1,1,0,0,0,0,0
0,38,326,288,223,223,38,38,0,0,77,39,38,38,38,0,0,0,1,1,0,1,1,0,0,0,0,0
0,38,326,288,185,185,38,38,0,0,77,39,38,38,38,0,0,0,1,1,0,1,1,0,0,0,0,0
0,36,305,269,190,190,36,36,0,0,73,37,36,36,36,0,0,0,1,1,0,1,1,0,0,0,0,0
0,37,288,251,166,166,37,37,0,0,75,38,37,37,37,0,0,0,1,1,0,1,1,0,0,0,0,0
0,39,326,287,217,217,39,39,0,0,79,40,39,39,39,0,0,0,1,1,0,1,1,0,0,0,0,0
0,38,300,262,133,133,38,38,0,0,77,39,38,38,38,0,0,0,1,1,0,1,1,0,0,0,0,0
0,37,276,239,172,172,37,37,0,0,75,38,37,37,37,0,0,0,1,1,0,1,1,0,0,0,0,0
0,37,276,239,158,158,37,37,0,0,75,38,37,37,37,0,0,0,1,1,0,1,1,0,0,0,0,0
0,37,272,235,172,172,37,37,0,0,75,38,37,37,37,0,0,0,1,1,0,1,1,0,0,0,0,0
0,38,302,264,151,151,38,38,0,0,77,39,38,38,38,0,0,0,1,1,0,1,1,0,0,0,0,0
0,36,343,307,216,216,36,36,0,0,73,37,36,36,36,0,0,0,1,1,0,1,1,0,0,0,0,0
0,36,286,250,180,180,36,36,0,0,73,37,36,36,36,0,0,0,1,1,0,1,1,0,0,0,0,0
0,38,280,242,175,175,38,38,0,0,77,39,38,38,38,0,0,0,1,1,0,1,1,0,0,0,0,0
0,37,283,246,189,189,37,37,0,0,75,38,37,37,37,0,0,0,1,1,0,1,1,0,0,0,0,0
0,37,249,212,141,141,37,37,0,0,75,38,37,37,37,0,0,0,1,1,0,1,1,0,0,0,0,0
0,37,290,253,157,157,37,37,0,0,75,38,37,37,37,0,0,0,1,1,0,1,1,0,0,0,0,0
0,38,320,282,201,201,38,38,0,0,77,39,38,38,38,0,0,0,1,1,0,1,1,0,0,0,0,0
0,37,306,269,204,204,37,37,0,0,75,38,37,37,37,0,0,0,1,1,0,1,1,0,0,0,0,0
0,38,299,261,181,181,38,38,0,0,77,39,38,38,38,0,0,0,1,1,0,1,1,0,0,0,0,0
0,38,320,282,175,175,38,38,0,0,77,39,38,38,38,0,0,0,1,1,0,1,1,0,0,0,0,0
0,37,334,297,192,192,37,37,0,0,75,38,37,37,37,0,0,0,1,1,0,1,1,0,0,0,0,0
0,36,368,332,249,249,36,36,0,0,73,37,36,36,36,0,0,0,1,1,0,1,1,0,0,0,0,0
0,36,290,254,160,160,36,36,0,0,73,37,36,36,36,0,0,0,1,1,0,1,1,0,0,0,0,0
0,37,286,249,163,163,37,37,0,0,75,38,37,37,37,0,0,0,1,1,0,1,1,0,0,0,0,0
0,37,271,234,164,164,37,37,0,0,75,38,37,37,37,0,0,0,1,1,0,1,1,0,0,0,0,0
0,37,276,239,156,156,37,37,0,0,75,38,37,37,37,0,0,0,1,1,0,1,1,0,0,0,0,0
0,36,287,251,154,154,36,36,0,0,73,37,36,36,36,0,0,0,1,1,0,1,1,0,0,0,0,0
0,37,302,265,146,146,37,37,0,0,75,38,37,37,37,0,0,0,1,1,0,1,1,0,0,0,0,0
0,37,331,294,186,186,37,37,0,0,75,38,37,37,37,0,0,0,1,1,0,1,1,0,0,0,0,0
0,37,284,247,164,164,37,37,0,0,75,38,37,37,37,0,0,0,1,1,0,1,1,0,0,0,0,0
0,37,328,291,158,158,37,37,0,0,75,38,37,37,37,0,0,0,1,1,0,1,1,0,0,0,0,0
0,37,263,226,127,127,37,37,0,0,75,38,37,37,37,0,0,0,1,1,0,1,1,0,0,0,0,0
0,36,265,229,150,150,36,36,0,0,73,37,36,36,36,0,0,0,1,1,0,1,1,0,0,0,0,0
0,36,260,224,145,145,36,36,0,0,73,37,36,36,36,0,0,0,1,1,0,1,1,0,0,0,0,0
0,38,279,241,178,178,38,38,0,0,77,39,38,38,38,0,0,0,1,1,0,1,1,0,0,0,0,0
0,36,286,250,152,152,36,36,0,0,73,37,36,36,36,0,0,0,1,1,0,1,1,0,0,0,0,0
0,37,294,257,160,160,37,37,0,0,75,38,37,37,37,0,0,0,1,1,0,1,1,0,0,0,0,0
0,36,290,254,188,188,36,36,0,0,73,37,36,36,36,0,0,0,1,1,0,1,1,0,0,0,0,0
0,37,274,237,167,167,37,37,0,0,75,38,37,37,37,0,0,0,1,1,0,1,1,0,0,0,0,0
0,38,322,284,190,190,38,38,0,0,77,39,38,38,38,0,0,0,1,1,0,1,1,0,0,0,0,0
0,37,293,256,171,171,37,37,0,0,75,38,37,37,37,0,0,0,1,1,0,1,1,0,0,0,0,0
0,37,292,255,155,155,37,37,0,0,75,38,37,37,37,0,0,0,1,1,0,1,1,0,0,0,0,0
0,36,275,239,188,188,36,36,0,0,73,37,36,36,36,0,0,0,1,1,0,1,1,0,0,0,0,0
0,36,259,223,147,147,36,36,0,0,73,37,36,36,36,0,0,0,1,1,0,1,1,0,0,0,0,0
0,37,282,245,175,175,37,37,0,0,75,38,37,37,37,0,0,0,1,1,0,1,1,0,0,0,0,0
0,36,323,287,209,209,36,36,0,0,73,37,36,36,36,0,0,0,1,1,0,1,1,0,0,0,0,0
0,38,278,240,160,160,38,38,0,0,77,39,38,38,38,0,0,0,1,1,0,1,1,0,0,0,0,0
0,39,303,264,177,177,39,39,0,0,79,40,39,39,39,0,0,0,1,1,0,1,1,0,0,0,0,0
0,36,255,219,132,132,36,36,0,0,73,37,36,36,36,0,0,0,1,1,0,1,1,0,0,0,0,0
0,37,310,273,199,199,37,37,0,0,75,38,37,37,37,0,0,0,1,1,0,1,1,0,0,0,0,0
0,37,361,324,252,252,37,37,0,0,75,38,37,37,37,0,0,0,1,1,0,1,1,0,0,0,0,0
0,36,271,235,149,149,36,36,0,0,73,37,36,36,36,0,0,0,1,1,0,1,1,0,0,0,0,0
0,36,326,290,209,209,36,36,0,0,73,37,36,36,36,0,0,0,1,1,0,1,1,0,0,0,0,0
0,36,361,325,187,187,36,36,0,0,73,37,36,36,36,0,0,0,1,1,0,1,1,0,0,0,0,0
0,37,333,296,198,198,37,37,0,0,75,38,37,37,37,0,0,0,1,1,0,1,1,0,0,0,0,0
0,37,269,232,153,153,37,37,0,0,75,38,37,37,37,0,0,0,1,1,0,1,1,0,0,0,0,0
0,37,284,247,184,184,37,37,0,0,75,38,37,37,37,0,0,0,1,1,0,1,1,0,0,0,0,0
0,36,304,268,197,197,36,36,0,0,73,37,36,36,36,0,0,0,1,1,0,1,1,0,0,0,0,0
0,39,308,269,187,187,39,39,0,0,79,40,39,39,39,0,0,0,1,1,0,1,1,0,0,0,0,0
0,37,283,246,148,148,37,37,0,0,75,38,37,37,37,0,0,0,1,1,0,1,1,0,0,0,0,0
0,37,295,258,179,179,37,37,0,0,75,38,37,37,37,0,0,0,1,1,0,1,1,0,0,0,0,0
0,37,296,259,179,179,37,37,0,0,75,38,37,37,37,0,0,0,1,1,0,1,1,0,0,0,0,0
0,37,275,238,165,165,37,37,0,0,75,38,37,37,37,0,0,0,1,1,0,1,1,0,0,0,0,0
0,37,276,239,173,173,37,37,0,0,75,38,37,37,37,0,0,0,1,1,0,1,1,0,0,0,0,0
0,36,267,231,158,158,36,36,0,0,73,37,36,36,36,0,0,0,1,1,0,1,1,0,0,0,0,0
0,37,276,239,162,162,37,37,0,0,75,38,37,37,37,0,0,0,1,1,0,1,1,0,0,0,0,0
0,36,256,220,137,137,36,36,0,0,73,37,36,36,36,0,0,0,1,1,0,1,1,0,0,0,0,0
0,37,392,355,315,315,37,37,0,0,75,38,37,37,37,0,0,0,1,1,0,1,1,0,0,0,0,0
0,37,264,227,133,133,37,37,0,0,75,38,37,37,37,0,0,0,1,1,0,1,1,0,0,0,0,0
0,36,284,248,185,185,36,36,0,0,73,37,36,36,36,0,0,0,1,1,0,1,1,0,0,0,0,0
0,37,308,271,215,215,37,37,0,0,75,38,37,37,37,0,0,0,1,1,0,1,1,0,0,0,0,0
0,37,273,236,178,178,37,37,0,0,75,38,37,37,37,0,0,0,1,1,0,1,1,0,0,0,0,0
0,37,306,269,168,168,37,37,0,0,75,38,37,37,37,0,0,0,1,1,0,1,1,0,0,0,0,0
0,37,277,240,167,167,37,37,0,0,75,38,37,37,37,0,0,0,1,1,0,1,1,0,0,0,0,0
0,38,318,280,219,219,38,38,0,0,77,39,38,38,38,0,0,0,1,1,0,1,1,0,0,0,0,0
0,36,297,261,203,203,36,36,0,0,73,37,36,36,36,0,0,0,1,1,0,1,1,0,0,0,0,0
0,37,349,312,210,210,37,37,0,0,75,38,37,37,37,0,0,0,1,1,0,1,1,0,0,0,0,0
0,36,285,249,186,186,36,36,0,0,73,37,36,36,36,0,0,0,1,1,0,1,1,0,0,0,0,0
0,37,272,235,122,122,37,37,0,0,75,38,37,37,37,0,0,0,1,1,0,1,1,0,0,0,0,0
0,37,287,250,151,151,37,37,0,0,75,38,37,37,37,0,0,0,1,1,0,1,1,0,0,0,0,0
0,38,315,277,201,201,38,38,0,0,77,39,38,38,38,0,0,0,1,1,0,1,1,0,0,0,0,0
0,36,303,267,198,198,36,36,0,0,73,37,36,36,36,0,0,0,1,1,0,1,1,0,0,0,0,0
0,37,273,236,144,144,37,37,0,0,75,38,37,37,37,0,0,0,1,1,0,1,1,0,0,0,0,0
0,36,262,226,152,152,36,36,0,0,73,37,36,36,36,0,0,0,1,1,0,1,1,0,0,0,0,0
0,36,274,238,140,140,36,36,0,0,73,37,36,36,36,0,0,0,1,1,0,1,1,0,0,0,0,0
0,38,316,278,232,232,38,38,0,0,77,39,38,38,38,0,0,0,1,1,0,1,1,0,0,0,0,0
0,36,295,259,159,159,36,36,0,0,73,37,36,36,36,0,0,0,1,1,0,1,1,0,0,0,0,0
0,37,393,356,242,242,37,37,0,0,75,38,37,37,37,0,0,0,1,1,0,1,1,0,0,0,0,0
0,38,325,287,188,188,38,38,0,0,77,39,38,38,38,0,0,0,1,1,0,1,1,0,0,0,0,0
0,36,348,312,226,226,36,36,0,0,73,37,36,36,36,0,0,0,1,1,0,1,1,0,0,0,0,0
0,37,307,270,147,147,37,37,0,0,75,38,37,37,37,0,0,0,1,1,0,1,1,0,0,0,0,0
0,37,309,272,206,206,37,37,0,0,75,38,37,37,37,0,0,0,1,1,0,1,1,0,0,0,0,0
0,37,292,255,193,193,37,37,0,0,75,38,37,37,37,0,0,0,1,1,0,1,1,0,0,0,0,0
0,37,276,239,162,162,37,37,0,0,75,38,37,37,37,0,0,0,1,1,0,1,1,0,0,0,0,0
0,38,311,273,180,180,38,38,0,0,77,39,38,38,38,0,0,0,1,1,0,1,1,0,0,0,0,0
0,38,275,237,158,158,38,38,0,0,77,39,38,38,38,0,0,0,1,1,0,1,1,0,0,0,0,0
0,36,305,269,158,158,36,36,0,0,73,37,36,36,36,0,0,0,1,1,0,1,1,0,0,0,0,0
0,38,307,269,131,131,38,38,0,0,77,39,38,38,38,0,0,0,1,1,0,1,1,0,0,0,0,0
0,37,346,309,201,201,37,37,0,0,75,38,37,37,37,0,0,0,1,1,0,1,1,0,0,0,0,0
0,36,271,235,175,175,36,36,0,0,73,37,36,36,36,0,0,0,1,1,0,1,1,0,0,0,0,0
0,36,260,224,138,138,36,36,0,0,73,37,36,36,36,0,0,0,1,1,0,1,1,0,0,0,0,0
0,37,293,256,201,201,37,37,0,0,75,38,37,37,37,0,0,0,1,1,0,1,1,0,0,0,0,0
0,36,296,260,166,166,36,36,0,0,73,37,36,36,36,0,0,0,1,1,0,1,1,0,0,0,0,0
0,37,273,236,168,168,37,37,0,0,75,38,37,37,37,0,0,0,1,1,0,1,1,0,0,0,0,0
0,36,351,315,214,214,36,36,0,0,73,37,36,36,36,0,0,0,1,1,0,1,1,0,0,0,0,0
0,38,316,278,216,216,38,38,0,0,77,39,38,38,38,0,0,0,1,1,0,1,1,0,0,0,0,0
0,37,275,238,165,165,37,37,0,0,75,38,37,37,37,0,0,0,1,1,0,1,1,0,0,0,0,0
0,36,281,245,163,163,36,36,0,0,73,37,36,36,36,0,0,0,1,1,0,1,1,0,0,0,0,0
0,37,285,248,150,150,37,37,0,0,75,38,37,37,37,0,0,0,1,1,0,1,1,0,0,0,0,0
0,38,312,274,205,205,38,38,0,0,77,39,38,38,38,0,0,0,1,1,0,1,1,0,0,0,0,0
0,37,344,307,237,237,37,37,0,0,75,38,37,37,37,0,0,0,1,1,0,1,1,0,0,0,0,0
0,36,265,229,165,165,36,36,0,0,73,37,36,36,36,0,0,0,1,1,0,1,1,0,0,0,0,0
0,36,294,258,204,204,36,36,0,0,73,37,36,36,36,0,0,0,1,1,0,1,1,0,0,0,0,0
0,38,308,270,223,223,38,38,0,0,77,39,38,38,38,0,0,0,1,1,0,1,1,0,0,0,0,0
0,36,288,252,184,184,36,36,0,0,73,37,36,36,36,0,0,0,1,1,0,1,1,0,0,0,0,0
0,37,349,312,231,231,37,37,0,0,75,38,37,37,37,0,0,0,1,1,0,1,1,0,0,0,0,0
0,36,272,236,155,155,36,36,0,0,73,37,36,36,36,0,0,0,1,1,0,1,1,0,0,0,0,0
0,37,331,294,221,221,37,37,0,0,75,38,37,37,37,0,0,0,1,1,0,1,1,0,0,0,0,0
0,37,318,281,157,157,37,37,0,0,75,38,37,37,37,0,0,0,1,1,0,1,1,0,0,0,0,0
0,38,265,227,132,132,38,38,0,0,77,39,38,38,38,0,0,0,1,1,0,1,1,0,0,0,0,0
0,37,292,255,148,148,37,37,0,0,75,38,37,37,37,0,0,0,1,1,0,1,1,0,0,0,0,0
0,38,304,266,221,221,38,38,0,0,77,39,38,38,38,0,0,0,1,1,0,1,1,0,0,0,0,0
0,36,303,267,185,185,36,36,0,0,73,37,36,36,36,0,0,0,1,1,0,1,1,0,0,0,0,0
0,36,285,249,160,160,36,36,0,0,73,37,36,36,36,0,0,0,1,1,0,1,1,0,0,0,0,0
0,36,280,244,166,166,36,36,0,0,73,37,36,36,36,0,0,0,1,1,0,1,1,0,0,0,0,0
0,37,302,265,197,197,37,37,0,0,75,38,37,37,37,0,0,0,1,1,0,1,1,0,0,0,0,0
0,37,308,271,172,172,37,37,0,0,75,38,37,37,37,0,0,0,1,1,0,1,1,0,0,0,0,0
0,36,263,227,160,160,36,36,0,0,73,37,36,36,36,0,0,0,1,1,0,1,1,0,0,0,0,0
0,37,291,254,199,199,37,37,0,0,75,38,37,37,37,0,0,0,1,1,0,1,1,0,0,0,0,0
0,37,259,222,154,154,37,37,0,0,75,38,37,37,37,0,0,0,1,1,0,1,1,0,0,0,0,0
0,37,351,314,246,246,37,37,0,0,75,38,37,37,37,0,0,0,1,1,0,1,1,0,0,0,0,0
0,36,276,240,166,166,36,36,0,0,73,37,36,36,36,0,0,0,1,1,0,1,1,0,0,0,0,0
0,37,339,302,220,220,37,37,0,0,75,38,37,37,37,0,0,0,1,1,0,1,1,0,0,0,0,0
0,37,306,269,182,182,37,37,0,0,75,38,37,37,37,0,0,0,1,1,0,1,1,0,0,0,0,0
0,37,294,257,187,187,37,37,0,0,75,38,37,37,37,0,0,0,1,1,0,1,1,0,0,0,0,0
0,37,347,310,238,238,37,37,0,0,75,38,37,37,37,0,0,0,1,1,0,1,1,0,0,0,0,0
0,36,264,228,146,146,36,36,0,0,73,37,36,36,36,0,0,0,1,1,0,1,1,0,0,0,0,0
0,36,310,274,181,181,36,36,0,0,73,37,36,36,36,0,0,0,1,1,0,1,1,0,0,0,0,0
0,37,288,251,185,185,37,37,0,0,75,38,37,37,37,0,0,0,1,1,0,1,1,0,0,0,0,0
0,37,290,253,201,201,37,37,0,0,75,38,37,37,37,0,0,0,1,1,0,1,1,0,0,0,0,0
0,37,285,248,180,180,37,37,0,0,75,38,37,37,37,0,0,0,1,1,0,1,1,0,0,0,0,0
0,36,259,223,135,135,36,36,0,0,73,37,36,36,36,0,0,0,1,1,0,1,1,0,0,0,0,0
