0,0,0,40,318,278,187,187,40,40,0,0,81,41,40,40,40,40,1,0,0,1,0,0,0,1,1,0,1,1,0,0,0,0,0
0,0,0,39,307,268,156,156,39,39,0,0,79,40,39,39,39,39,0,0,0,0,0,0,0,1,1,0,1,1,0,0,0,0,0
0,0,0,40,342,302,210,210,40,40,0,0,81,41,40,40,40,40,5,0,0,5,0,0,0,1,1,0,1,1,0,0,0,0,0
0,0,0,39,284,245,156,156,39,39,0,0,79,40,39,39,39,39,2,0,0,2,0,0,0,1,1,0,1,1,0,0,0,0,0
0,0,0,40,360,320,244,244,40,40,0,0,81,41,40,40,40,40,1,0,0,1,0,0,0,1,1,0,1,1,0,0,0,0,0
0,0,0,40,313,273,214,214,40,40,0,0,81,41,40,40,40,40,1,0,0,1,0,0,0,1,1,0,1,1,0,0,0,0,0
0,0,0,41,366,325,236,236,41,41,0,0,83,42,41,41,41,41,3,0,0,3,0,0,0,1,1,0,1,1,0,0,0,0,0
0,0,0,41,334,293,229,229,41,41,0,0,83,42,41,41,41,41,3,0,0,3,0,0,0,1,1,0,1,1,0,0,0,0,0
0,0,0,39,288,249,185,185,39,39,0,0,79,40,39,39,39,39,4,0,0,4,0,0,0,1,1,0,1,1,0,0,0,0,0
0,0,0,40,330,290,224,224,40,40,0,0,81,41,40,40,40,40,4,0,0,4,0,0,0,1,1,0,1,1,0,0,0,0,0
0,0,0,39,355,316,230,230,39,39,0,0,79,40,39,39,39,39,4,0,0,4,0,0,0,1,1,0,1,1,0,0,0,0,0
0,0,0,40,331,291,237,237,40,40,0,0,81,41,40,40,40,40,0,0,0,0,0,0,0,1,1,0,1,1,0,0,0,0,0
0,0,0,40,305,265,150,150,40,40,0,0,81,41,40,40,40,40,1,0,0,1,0,0,0,1,1,0,1,1,0,0,0,0,0
0,0,0,39,305,266,141,141,39,39,0,0,79,40,39,39,39,39,2,0,0,2,0,0,0,1,1,0,1,1,0,0,0,0,0
0,0,0,40,341,301,183,183,40,40,0,0,81,41,40,40,40,40,1,0,0,1,0,0,0,1,1,0,1,1,0,0,0,0,0
0,0,0,39,280,241,155,155,39,39,0,0,79,40,39,39,39,39,1,0,0,1,0,0,0,1,1,0,1,1,0,0,0,0,0
0,0,0,40,354,314,234,234,40,40,0,0,81,41,40,40,40,40,4,0,0,4,0,0,0,1,1,0,1,1,0,0,0,0,0
0,0,0,40,341,301,207,207,40,40,0,0,81,41,40,40,40,40,1,0,0,1,0,0,0,1,1,0,1,1,0,0,0,0,0
0,0,0,40,322,282,209,209,40,40,0,0,81,41,40,40,40,40,0,0,0,0,0,0,0,1,1,0,1,1,0,0,0,0,0
0,0,0,41,400,359,219,219,41,41,0,0,83,42,41,41,41,41,1,0,0,1,0,0,0,1,1,0,1,1,0,0,0,0,0
0,0,0,39,306,267,160,160,39,39,0,0,79,40,39,39,39,39,5,0,0,5,0,0,0,1,1,0,1,1,0,0,0,0,0
0,0,0,41,345,304,239,239,41,41,0,0,83,42,41,41,41,41,2,0,0,2,0,0,0,1,1,0,1,1,0,0,0,0,0
0,0,0,40,316,276,199,199,40,40,0,0,81,41,40,40,40,40,4,0,0,4,0,0,0,1,1,0,1,1,0,0,0,0,0
0,0,0,39,339,300,197,197,39,39,0,0,79,40,39,39,39,39,1,0,0,1,0,0,0,1,1,0,1,1,0,0,0,0,0
0,0,0,39,307,268,199,199,39,39,0,0,79,40,39,39,39,39,3,0,0,3,0,0,0,1,1,0,1,1,0,0,0,0,0
0,0,0,39,351,312,202,202,39,39,0,0,79,40,39,39,39,39,2,0,0,2,0,0,0,1,1,0,1,1,0,0,0,0,0
0,0,0,40,393,353,250,250,40,40,0,0,81,41,40,40,40,40,2,0,0,2,0,0,0,1,1,0,1,1,0,0,0,0,0
0,0,0,40,379,339,277,277,40,40,0,0,81,41,40,40,40,40,4,0,0,4,0,0,0,1,1,0,1,1,0,0,0,0,0
0,0,0,40,287,247,168,168,40,40,0,0,81,41,40,40,40,40,1,0,0,1,0,0,0,1,1,0,1,1,0,0,0,0,0
0,0,0,39,358,319,250,250,39,39,0,0,79,40,39,39,39,39,5,0,0,5,0,0,0,1,1,0,1,1,0,0,0,0,0
0,0,0,41,300,259,174,174,41,41,0,0,83,42,41,41,41,41,2,0,0,2,0,0,0,1,1,0,1,1,0,0,0,0,0
0,0,0,41,342,301,230,230,41,41,0,0,83,42,41,41,41,41,0,0,0,0,0,0,0,1,1,0,1,1,0,0,0,0,0
0,0,0,40,313,273,183,183,40,40,0,0,81,41,40,40,40,40,3,0,0,3,0,0,0,1,1,0,1,1,0,0,0,0,0
0,0,0,39,332,293,194,194,39,39,0,0,79,40,39,39,39,39,2,0,0,2,0,0,0,1,1,0,1,1,0,0,0,0,0
0,0,0,40,336,296,237,237,40,40,0,0,81,41,40,40,40,40,1,0,0,1,0,0,0,1,1,0,1,1,0,0,0,0,0
0,0,0,40,365,325,182,182,40,40,0,0,81,41,40,40,40,40,4,0,0,4,0,0,0,1,1,0,1,1,0,0,0,0,0
0,0,0,40,363,323,187,187,40,40,0,0,81,41,40,40,40,40,5,0,0,5,0,0,0,1,1,0,1,1,0,0,0,0,0
0,0,0,39,329,290,140,140,39,39,0,0,79,40,39,39,39,39,3,0,0,3,0,0,0,1,1,0,1,1,0,0,0,0,0
0,0,0,40,329,289,187,187,40,40,0,0,81,41,40,40,40,40,2,0,0,2,0,0,0,1,1,0,1,1,0,0,0,0,0
0,0,0,39,348,309,209,209,39,39,0,0,79,40,39,39,39,39,6,0,0,6,0,0,0,1,1,0,1,1,0,0,0,0,0
0,0,0,39,291,252,155,155,39,39,0,0,79,40,39,39,39,39,0,0,0,0,0,0,0,1,1,0,1,1,0,0,0,0,0
0,0,0,39,296,257,185,185,39,39,0,0,79,40,39,39,39,39,2,0,0,2,0,0,0,1,1,0,1,1,0,0,0,0,0
0,0,0,40,326,286,166,166,40,40,0,0,81,41,40,40,40,40,2,0,0,2,0,0,0,1,1,0,1,1,0,0,0,0,0
0,0,0,41,306,265,187,187,41,41,0,0,83,42,41,41,41,41,1,0,0,1,0,0,0,1,1,0,1,1,0,0,0,0,0
0,0,0,41,342,301,234,234,41,41,0,0,83,42,41,41,41,41,0,0,0,0,0,0,0,1,1,0,1,1,0,0,0,0,0
0,0,0,40,342,302,212,212,40,40,0,0,81,41,40,40,40,40,2,0,0,2,0,0,0,1,1,0,1,1,0,0,0,0,0
0,0,0,39,359,320,208,208,39,39,0,0,79,40,39,39,39,39,2,0,0,2,0,0,0,1,1,0,1,1,0,0,0,0,0
0,0,0,40,332,292,155,155,40,40,0,0,81,41,40,40,40,40,1,0,0,1,0,0,0,1,1,0,1,1,0,0,0,0,0
0,0,0,39,283,244,151,151,39,39,0,0,79,40,39,39,39,39,3,0,0,3,0,0,0,1,1,0,1,1,0,0,0,0,0
0,0,0,39,324,285,189,189,39,39,0,0,79,40,39,39,39,39,1,0,0,1,0,0,0,1,1,0,1,1,0,0,0,0,0
0,0,0,39,291,252,156,156,39,39,0,0,79,40,39,39,39,39,2,0,0,2,0,0,0,1,1,0,1,1,0,0,0,0,0
0,0,0,40,450,410,268,268,40,40,0,0,81,41,40,40,40,40,5,0,0,5,0,0,0,1,1,0,1,1,0,0,0,0,0
0,0,0,40,335,295,223,223,40,40,0,0,81,41,40,40,40,40,2,0,0,2,0,0,0,1,1,0,1,1,0,0,0,0,0
0,0,0,39,413,374,197,197,39,39,0,0,79,40,39,39,39,39,1,0,0,1,0,0,0,1,1,0,1,1,0,0,0,0,0
0,0,0,39,309,270,196,196,39,39,0,0,79,40,39,39,39,39,1,0,0,1,0,0,0,1,1,0,1,1,0,0,0,0,0
0,0,0,42,351,309,254,254,42,42,0,0,85,43,42,42,42,42,4,0,0,4,0,0,0,1,1,0,1,1,0,0,0,0,0
0,0,0,39,353,314,247,247,39,39,0,0,79,40,39,39,39,39,3,0,0,3,0,0,0,1,1,0,1,1,0,0,0,0,0
0,0,0,40,307,267,157,157,40,40,0,0,81,41,40,40,40,40,2,0,0,2,0,0,0,1,1,0,1,1,0,0,0,0,0
0,0,0,40,297,257,138,138,40,40,0,0,81,41,40,40,40,40,1,0,0,1,0,0,0,1,1,0,1,1,0,0,0,0,0
0,0,0,39,326,287,171,171,39,39,0,0,79,40,39,39,39,39,3,0,0,3,0,0,0,1,1,0,1,1,0,0,0,0,0
0,0,0,39,313,274,179,179,39,39,0,0,79,40,39,39,39,39,0,0,0,0,0,0,0,1,1,0,1,1,0,0,0,0,0
0,0,0,40,321,281,209,209,40,40,0,0,81,41,40,40,40,40,3,0,0,3,0,0,0,1,1,0,1,1,0,0,0,0,0
0,0,0,39,316,277,190,190,39,39,0,0,79,40,39,39,39,39,3,0,0,3,0,0,0,1,1,0,1,1,0,0,0,0,0
0,0,0,39,299,260,134,134,39,39,0,0,79,40,39,39,39,39,1,0,0,1,0,0,0,1,1,0,1,1,0,0,0,0,0
0,0,0,40,368,328,256,256,40,40,0,0,81,41,40,40,40,40,2,0,0,2,0,0,0,1,1,0,1,1,0,0,0,0,0
0,0,0,41,348,307,220,220,41,41,0,0,83,42,41,41,41,41,1,0,0,1,0,0,0,1,1,0,1,1,0,0,0,0,0
0,0,0,40,356,316,195,195,40,40,0,0,81,41,40,40,40,40,3,0,0,3,0,0,0,1,1,0,1,1,0,0,0,0,0
0,0,0,41,347,306,220,220,41,41,0,0,83,42,41,41,41,41,1,0,0,1,0,0,0,1,1,0,1,1,0,0,0,0,0
0,0,0,40,308,268,187,187,40,40,0,0,81,41,40,40,40,40,1,0,0,1,0,0,0,1,1,0,1,1,0,0,0,0,0
0,0,0,39,330,291,206,206,39,39,0,0,79,40,39,39,39,39,1,0,0,1,0,0,0,1,1,0,1,1,0,0,0,0,0
0,0,0,40,305,265,197,197,40,40,0,0,81,41,40,40,40,40,1,0,0,1,0,0,0,1,1,0,1,1,0,0,0,0,0
0,0,0,40,309,269,179,179,40,40,0,0,81,41,40,40,40,40,3,0,0,3,0,0,0,1,1,0,1,1,0,0,0,0,0
0,0,0,40,338,298,180,180,40,40,0,0,81,41,40,40,40,40,4,0,0,4,0,0,0,1,1,0,1,1,0,0,0,0,0
0,0,0,40,344,304,210,210,40,40,0,0,81,41,40,40,40,40,2,0,0,2,0,0,0,1,1,0,1,1,0,0,0,0,0
0,0,0,39,285,246,166,166,39,39,0,0,79,40,39,39,39,39,2,0,0,2,0,0,0,1,1,0,1,1,0,0,0,0,0
0,0,0,40,337,297,223,223,40,40,0,0,81,41,40,40,40,40,2,0,0,2,0,0,0,1,1,0,1,1,0,0,0,0,0
0,0,0,41,323,282,189,189,41,41,0,0,83,42,41,41,41,41,4,0,0,4,0,0,0,1,1,0,1,1,0,0,0,0,0
0,0,0,40,307,267,162,162,40,40,0,0,81,41,40,40,40,40,2,0,0,2,0,0,0,1,1,0,1,1,0,0,0,0,0
0,0,0,39,307,268,165,165,39,39,0,0,79,40,39,39,39,39,2,0,0,2,0,0,0,1,1,0,1,1,0,0,0,0,0
0,0,0,39,303,264,179,179,39,39,0,0,79,40,39,39,39,39,1,0,0,1,0,0,0,1,1,0,1,1,0,0,0,0,0
0,0,0,39,283,244,160,160,39,39,0,0,79,40,39,39,39,39,1,0,0,1,0,0,0,1,1,0,1,1,0,0,0,0,0
0,0,0,39,337,298,212,212,39,39,0,0,79,40,39,39,39,39,3,0,0,3,0,0,0,1,1,0,1,1,0,0,0,0,0
0,0,0,39,290,251,175,175,39,39,0,0,79,40,39,39,39,39,1,0,0,1,0,0,0,1,1,0,1,1,0,0,0,0,0
0,0,0,39,350,311,262,262,39,39,0,0,79,40,39,39,39,39,1,0,0,1,0,0,0,1,1,0,1,1,0,0,0,0,0
0,0,0,41,298,257,194,194,41,41,0,0,83,42,41,41,41,41,1,0,0,1,0,0,0,1,1,0,1,1,0,0,0,0,0
0,0,0,40,321,281,220,220,40,40,0,0,81,41,40,40,40,40,1,0,0,1,0,0,0,1,1,0,1,1,0,0,0,0,0
0,0,0,39,426,387,261,261,39,39,0,0,79,40,39,39,39,39,2,0,0,2,0,0,0,1,1,0,1,1,0,0,0,0,0
0,0,0,40,314,274,173,173,40,40,0,0,81,41,40,40,40,40,1,0,0,1,0,0,0,1,1,0,1,1,0,0,0,0,0
0,0,0,41,345,304,206,206,41,41,0,0,83,42,41,41,41,41,2,0,0,2,0,0,0,1,1,0,1,1,0,0,0,0,0
0,0,0,39,325,286,198,198,39,39,0,0,79,40,39,39,39,39,3,0,0,3,0,0,0,1,1,0,1,1,0,0,0,0,0
0,0,0,40,293,253,162,162,40,40,0,0,81,41,40,40,40,40,4,0,0,4,0,0,0,1,1,0,1,1,0,0,0,0,0
0,0,0,39,322,283,173,173,39,39,0,0,79,40,39,39,39,39,1,0,0,1,0,0,0,1,1,0,1,1,0,0,0,0,0
0,0,0,41,365,324,244,244,41,41,0,0,83,42,41,41,41,41,0,0,0,0,0,0,0,1,1,0,1,1,0,0,0,0,0
0,0,0,40,335,295,176,176,40,40,0,0,81,41,40,40,40,40,0,0,0,0,0,0,0,1,1,0,1,1,0,0,0,0,0
0,0,0,39,335,296,232,232,39,39,0,0,79,40,39,39,39,39,1,0,0,1,0,0,0,1,1,0,1,1,0,0,0,0,0
0,0,0,39,290,251,164,164,39,39,0,0,79,40,39,39,39,39,1,0,0,1,0,0,0,1,1,0,1,1,0,0,0,0,0
0,0,0,40,340,300,195,195,40,40,0,0,81,41,40,40,40,40,1,0,0,1,0,0,0,1,1,0,1,1,0,0,0,0,0
0,0,0,39,326,287,231,231,39,39,0,0,79,40,39,39,39,39,2,0,0,2,0,0,0,1,1,0,1,1,0,0,0,0,0
0,0,0,41,302,261,165,165,41,41,0,0,83,42,41,41,41,41,2,0,0,2,0,0,0,1,1,0,1,1,0,0,0,0,0
0,0,0,40,325,285,182,182,40,40,0,0,81,41,40,40,40,40,3,0,0,3,0,0,0,1,1,0,1,1,0,0,0,0,0
0,0,0,40,310,270,194,194,40,40,0,0,81,41,40,40,40,40,2,0,0,2,0,0,0,1,1,0,1,1,0,0,0,0,0
0,0,0,41,314,273,186,186,41,41,0,0,83,42,41,41,41,41,1,0,0,1,0,0,0,1,1,0,1,1,0,0,0,0,0
0,0,0,39,404,365,254,254,39,39,0,0,79,40,39,39,39,39,0,0,0,0,0,0,0,1,1,0,1,1,0,0,0,0,0
0,0,0,41,306,265,189,189,41,41,0,0,83,42,41,41,41,41,1,0,0,1,0,0,0,1,1,0,1,1,0,0,0,0,0
0,0,0,41,405,364,252,252,41,41,0,0,83,42,41,41,41,41,5,0,0,5,0,0,0,1,1,0,1,1,0,0,0,0,0
0,0,0,39,321,282,210,210,39,39,0,0,79,40,39,39,39,39,0,0,0,0,0,0,0,1,1,0,1,1,0,0,0,0,0
0,0,0,41,308,267,200,200,41,41,0,0,83,42,41,41,41,41,2,0,0,2,0,0,0,1,1,0,1,1,0,0,0,0,0
0,0,0,39,296,257,176,176,39,39,0,0,79,40,39,39,39,39,0,0,0,0,0,0,0,1,1,0,1,1,0,0,0,0,0
0,0,0,39,296,257,164,164,39,39,0,0,79,40,39,39,39,39,0,0,0,0,0,0,0,1,1,0,1,1,0,0,0,0,0
0,0,0,41,402,361,225,225,41,41,0,0,83,42,41,41,41,41,1,0,0,1,0,0,0,1,1,0,1,1,0,0,0,0,0
0,0,0,39,289,250,146,146,39,39,0,0,79,40,39,39,39,39,0,0,0,0,0,0,0,1,1,0,1,1,0,0,0,0,0
0,0,0,40,331,291,235,235,40,40,0,0,81,41,40,40,40,40,3,0,0,3,0,0,0,1,1,0,1,1,0,0,0,0,0
0,0,0,40,318,278,151,151,40,40,0,0,81,41,40,40,40,40,1,0,0,1,0,0,0,1,1,0,1,1,0,0,0,0,0
0,0,0,40,329,289,192,192,40,40,0,0,81,41,40,40,40,40,1,0,0,1,0,0,0,1,1,0,1,1,0,0,0,0,0
0,0,0,41,381,340,223,223,41,41,0,0,83,42,41,41,41,41,1,0,0,1,0,0,0,1,1,0,1,1,0,0,0,0,0
0,0,0,39,320,281,175,175,39,39,0,0,79,40,39,39,39,39,3,0,0,3,0,0,0,1,1,0,1,1,0,0,0,0,0
0,0,0,40,301,261,180,180,40,40,0,0,81,41,40,40,40,40,1,0,0,1,0,0,0,1,1,0,1,1,0,0,0,0,0
0,0,0,39,345,306,209,209,39,39,0,0,79,40,39,39,39,39,3,0,0,3,0,0,0,1,1,0,1,1,0,0,0,0,0
0,0,0,40,295,255,147,147,40,40,0,0,81,41,40,40,40,40,0,0,0,0,0,0,0,1,1,0,1,1,0,0,0,0,0
0,0,0,39,347,308,230,230,39,39,0,0,79,40,39,39,39,39,2,0,0,2,0,0,0,1,1,0,1,1,0,0,0,0,0
0,0,0,39,276,237,159,159,39,39,0,0,79,40,39,39,39,39,0,0,0,0,0,0,0,1,1,0,1,1,0,0,0,0,0
0,0,0,39,311,272,177,177,39,39,0,0,79,40,39,39,39,39,2,0,0,2,0,0,0,1,1,0,1,1,0,0,0,0,0
0,0,0,39,314,275,133,133,39,39,0,0,79,40,39,39,39,39,2,0,0,2,0,0,0,1,1,0,1,1,0,0,0,0,0
0,0,0,39,323,284,199,199,39,39,0,0,79,40,39,39,39,39,2,0,0,2,0,0,0,1,1,0,1,1,0,0,0,0,0
0,0,0,39,314,275,191,191,39,39,0,0,79,40,39,39,39,39,2,0,0,2,0,0,0,1,1,0,1,1,0,0,0,0,0
0,0,0,39,336,297,227,227,39,39,0,0,79,40,39,39,39,39,2,0,0,2,0,0,0,1,1,0,1,1,0,0,0,0,0
0,0,0,39,317,278,184,184,39,39,0,0,79,40,39,39,39,39,0,0,0,0,0,0,0,1,1,0,1,1,0,0,0,0,0
0,0,0,41,301,260,189,189,41,41,0,0,83,42,41,41,41,41,3,0,0,3,0,0,0,1,1,0,1,1,0,0,0,0,0
0,0,0,39,300,261,158,158,39,39,0,0,79,40,39,39,39,39,1,0,0,1,0,0,0,1,1,0,1,1,0,0,0,0,0
0,0,0,39,398,359,245,245,39,39,0,0,79,40,39,39,39,39,0,0,0,0,0,0,0,1,1,0,1,1,0,0,0,0,0
0,0,0,39,345,306,237,237,39,39,0,0,79,40,39,39,39,39,0,0,0,0,0,0,0,1,1,0,1,1,0,0,0,0,0
0,0,0,40,302,262,190,190,40,40,0,0,81,41,40,40,40,40,0,0,0,0,0,0,0,1,1,0,1,1,0,0,0,0,0
0,0,0,40,343,303,223,223,40,40,0,0,81,41,40,40,40,40,1,0,0,1,0,0,0,1,1,0,1,1,0,0,0,0,0
0,0,0,39,340,301,217,217,39,39,0,0,79,40,39,39,39,39,4,0,0,4,0,0,0,1,1,0,1,1,0,0,0,0,0
0,0,0,40,353,313,223,223,40,40,0,0,81,41,40,40,40,40,4,0,0,4,0,0,0,1,1,0,1,1,0,0,0,0,0
0,0,0,41,292,251,141,141,41,41,0,0,83,42,41,41,41,41,1,0,0,1,0,0,0,1,1,0,1,1,0,0,0,0,0
0,0,0,40,339,299,185,185,40,40,0,0,81,41,40,40,40,40,2,0,0,2,0,0,0,1,1,0,1,1,0,0,0,0,0
0,0,0,40,295,255,159,159,40,40,0,0,81,41,40,40,40,40,0,0,0,0,0,0,0,1,1,0,1,1,0,0,0,0,0
0,0,0,39,332,293,185,185,39,39,0,0,79,40,39,39,39,39,2,0,0,2,0,0,0,1,1,0,1,1,0,0,0,0,0
0,0,0,39,360,321,194,194,39,39,0,0,79,40,39,39,39,39,1,0,0,1,0,0,0,1,1,0,1,1,0,0,0,0,0
0,0,0,39,295,256,182,182,39,39,0,0,79,40,39,39,39,39,1,0,0,1,0,0,0,1,1,0,1,1,0,0,0,0,0
0,0,0,39,384,345,236,236,39,39,0,0,79,40,39,39,39,39,2,0,0,2,0,0,0,1,1,0,1,1,0,0,0,0,0
0,0,0,40,306,266,189,189,40,40,0,0,81,41,40,40,40,40,0,0,0,0,0,0,0,1,1,0,1,1,0,0,0,0,0
0,0,0,42,327,285,159,159,42,42,0,0,85,43,42,42,42,42,3,0,0,3,0,0,0,1,1,0,1,1,0,0,0,0,0
0,0,0,40,282,242,161,161,40,40,0,0,81,41,40,40,40,40,4,0,0,4,0,0,0,1,1,0,1,1,0,0,0,0,0
0,0,0,41,340,299,225,225,41,41,0,0,83,42,41,41,41,41,1,0,0,1,0,0,0,1,1,0,1,1,0,0,0,0,0
0,0,0,40,282,242,176,176,40,40,0,0,81,41,40,40,40,40,1,0,0,1,0,0,0,1,1,0,1,1,0,0,0,0,0
0,0,0,40,389,349,271,271,40,40,0,0,81,41,40,40,40,40,1,0,0,1,0,0,0,1,1,0,1,1,0,0,0,0,0
0,0,0,40,341,301,190,190,40,40,0,0,81,41,40,40,40,40,1,0,0,1,0,0,0,1,1,0,1,1,0,0,0,0,0
0,0,0,40,304,264,187,187,40,40,0,0,81,41,40,40,40,40,2,0,0,2,0,0,0,1,1,0,1,1,0,0,0,0,0
0,0,0,39,298,259,174,174,39,39,0,0,79,40,39,39,39,39,3,0,0,3,0,0,0,1,1,0,1,1,0,0,0,0,0
0,0,0,39,396,357,277,277,39,39,0,0,79,40,39,39,39,39,2,0,0,2,0,0,0,1,1,0,1,1,0,0,0,0,0
0,0,0,39,353,314,178,178,39,39,0,0,79,40,39,39,39,39,4,0,0,4,0,0,0,1,1,0,1,1,0,0,0,0,0
0,0,0,40,346,306,210,210,40,40,0,0,81,41,40,40,40,40,0,0,0,0,0,0,0,1,1,0,1,1,0,0,0,0,0
0,0,0,39,304,265,189,189,39,39,0,0,79,40,39,39,39,39,1,0,0,1,0,0,0,1,1,0,1,1,0,0,0,0,0
0,0,0,40,388,348,210,210,40,40,0,0,81,41,40,40,40,40,1,0,0,1,0,0,0,1,1,0,1,1,0,0,0,0,0
0,0,0,40,308,268,189,189,40,40,0,0,81,41,40,40,40,40,1,0,0,1,0,0,0,1,1,0,1,1,0,0,0,0,0
0,0,0,39,349,310,193,193,39,39,0,0,79,40,39,39,39,39,1,0,0,1,0,0,0,1,1,0,1,1,0,0,0,0,0
0,0,0,41,393,352,238,238,41,41,0,0,83,42,41,41,41,41,3,0,0,3,0,0,0,1,1,0,1,1,0,0,0,0,0
0,0,0,40,307,267,201,201,40,40,0,0,81,41,40,40,40,40,3,0,0,3,0,0,0,1,1,0,1,1,0,0,0,0,0
0,0,0,39,298,259,144,144,39,39,0,0,79,40,39,39,39,39,5,0,0,5,0,0,0,1,1,0,1,1,0,0,0,0,0
0,0,0,40,305,265,161,161,40,40,0,0,81,41,40,40,40,40,2,0,0,2,0,0,0,1,1,0,1,1,0,0,0,0,0
0,0,0,40,308,268,182,182,40,40,0,0,81,41,40,40,40,40,5,0,0,5,0,0,0,1,1,0,1,1,0,0,0,0,0
0,0,0,40,311,271,176,176,40,40,0,0,81,41,40,40,40,40,2,0,0,2,0,0,0,1,1,0,1,1,0,0,0,0,0
0,0,0,40,308,268,203,203,40,40,0,0,81,41,40,40,40,40,2,0,0,2,0,0,0,1,1,0,1,1,0,0,0,0,0
0,0,0,40,321,281,198,198,40,40,0,0,81,41,40,40,40,40,4,0,0,4,0,0,0,1,1,0,1,1,0,0,0,0,0
0,0,0,41,333,292,188,188,41,41,0,0,83,42,41,41,41,41,3,0,0,3,0,0,0,1,1,0,1,1,0,0,0,0,0
0,0,0,40,351,311,238,238,40,40,0,0,81,41,40,40,40,40,2,0,0,2,0,0,0,1,1,0,1,1,0,0,0,0,0
0,0,0,39,355,316,220,220,39,39,0,0,79,40,39,39,39,39,3,0,0,3,0,0,0,1,1,0,1,1,0,0,0,0,0
0,0,0,40,326,286,199,199,40,40,0,0,81,41,40,40,40,40,3,0,0,3,0,0,0,1,1,0,1,1,0,0,0,0,0
0,0,0,40,355,315,253,253,40,40,0,0,81,41,40,40,40,40,0,0,0,0,0,0,0,1,1,0,1,1,0,0,0,0,0
0,0,0,40,379,339,278,278,40,40,0,0,81,41,40,40,40,40,1,0,0,1,0,0,0,1,1,0,1,1,0,0,0,0,0
0,0,0,40,323,283,194,194,40,40,0,0,81,41,40,40,40,40,1,0,0,1,0,0,0,1,1,0,1,1,0,0,0,0,0
0,0,0,39,337,298,217,217,39,39,0,0,79,40,39,39,39,39,0,0,0,0,0,0,0,1,1,0,1,1,0,0,0,0,0
0,0,0,39,317,278,177,177,39,39,0,0,79,40,39,39,39,39,1,0,0,1,0,0,0,1,1,0,1,1,0,0,0,0,0
0,0,0,41,368,327,203,203,41,41,0,0,83,42,41,41,41,41,3,0,0,3,0,0,0,1,1,0,1,1,0,0,0,0,0
0,0,0,39,315,276,139,139,39,39,0,0,79,40,39,39,39,39,1,0,0,1,0,0,0,1,1,0,1,1,0,0,0,0,0
0,0,0,40,316,276,197,197,40,40,0,0,81,41,40,40,40,40,2,0,0,2,0,0,0,1,1,0,1,1,0,0,0,0,0
0,0,0,41,327,286,206,206,41,41,0,0,83,42,41,41,41,41,2,0,0,2,0,0,0,1,1,0,1,1,0,0,0,0,0
0,0,0,41,344,303,233,233,41,41,0,0,83,42,41,41,41,41,1,0,0,1,0,0,0,1,1,0,1,1,0,0,0,0,0
0,0,0,41,361,320,263,263,41,41,0,0,83,42,41,41,41,41,2,0,0,2,0,0,0,1,1,0,1,1,0,0,0,0,0
0,0,0,40,344,304,161,161,40,40,0,0,81,41,40,40,40,40,2,0,0,2,0,0,0,1,1,0,1,1,0,0,0,0,0
0,0,0,39,305,266,195,195,39,39,0,0,79,40,39,39,39,39,0,0,0,0,0,0,0,1,1,0,1,1,0,0,0,0,0
0,0,0,39,288,249,153,153,39,39,0,0,79,40,39,39,39,39,0,0,0,0,0,0,0,1,1,0,1,1,0,0,0,0,0
0,0,0,40,363,323,150,150,40,40,0,0,81,41,40,40,40,40,3,0,0,3,0,0,0,1,1,0,1,1,0,0,0,0,0
0,0,0,40,331,291,212,212,40,40,0,0,81,41,40,40,40,40,1,0,0,1,0,0,0,1,1,0,1,1,0,0,0,0,0
0,0,0,40,355,315,226,226,40,40,0,0,81,41,40,40,40,40,0,0,0,0,0,0,0,1,1,0,1,1,0,0,0,0,0
0,0,0,41,341,300,202,202,41,41,0,0,83,42,41,41,41,41,2,0,0,2,0,0,0,1,1,0,1,1,0,0,0,0,0
0,0,0,40,398,358,240,240,40,40,0,0,81,41,40,40,40,40,1,0,0,1,0,0,0,1,1,0,1,1,0,0,0,0,0
0,0,0,41,321,280,185,185,41,41,0,0,83,42,41,41,41,41,2,0,0,2,0,0,0,1,1,0,1,1,0,0,0,0,0
0,0,0,40,320,280,204,204,40,40,0,0,81,41,40,40,40,40,1,0,0,1,0,0,0,1,1,0,1,1,0,0,0,0,0
0,0,0,41,326,285,197,197,41,41,0,0,83,42,41,41,41,41,2,0,0,2,0,0,0,1,1,0,1,1,0,0,0,0,0
0,0,0,40,325,285,179,179,40,40,0,0,81,41,40,40,40,40,3,0,0,3,0,0,0,1,1,0,1,1,0,0,0,0,0
0,0,0,42,349,307,208,208,42,42,0,0,85,43,42,42,42,42,3,0,0,3,0,0,0,1,1,0,1,1,0,0,0,0,0
0,0,0,40,283,243,154,154,40,40,0,0,81,41,40,40,40,40,1,0,0,1,0,0,0,1,1,0,1,1,0,0,0,0,0
0,0,0,41,299,258,194,194,41,41,0,0,83,42,41,41,41,41,1,0,0,1,0,0,0,1,1,0,1,1,0,0,0,0,0
0,0,0,39,355,316,240,240,39,39,0,0,79,40,39,39,39,39,8,0,0,8,0,0,0,1,1,0,1,1,0,0,0,0,0
0,0,0,39,287,248,166,166,39,39,0,0,79,40,39,39,39,39,0,0,0,0,0,0,0,1,1,0,1,1,0,0,0,0,0
0,0,0,40,325,285,221,221,40,40,0,0,81,41,40,40,40,40,2,0,0,2,0,0,0,1,1,0,1,1,0,0,0,0,0
0,0,0,40,333,293,162,162,40,40,0,0,81,41,40,40,40,40,3,0,0,3,0,0,0,1,1,0,1,1,0,0,0,0,0
0,0,0,39,300,261,176,176,39,39,0,0,79,40,39,39,39,39,2,0,0,2,0,0,0,1,1,0,1,1,0,0,0,0,0
0,0,0,40,325,285,190,190,40,40,0,0,81,41,40,40,40,40,3,0,0,3,0,0,0,1,1,0,1,1,0,0,0,0,0
0,0,0,41,328,287,174,174,41,41,0,0,83,42,41,41,41,41,0,0,0,0,0,0,0,1,1,0,1,1,0,0,0,0,0
0,0,0,40,340,300,196,196,40,40,0,0,81,41,40,40,40,40,4,0,0,4,0,0,0,1,1,0,1,1,0,0,0,0,0
0,0,0,40,277,237,154,154,40,40,0,0,81,41,40,40,40,40,3,0,0,3,0,0,0,1,1,0,1,1,0,0,0,0,0
0,0,0,40,360,320,221,221,40,40,0,0,81,41,40,40,40,40,4,0,0,4,0,0,0,1,1,0,1,1,0,0,0,0,0
0,0,0,40,306,266,156,156,40,40,0,0,81,41,40,40,40,40,3,0,0,3,0,0,0,1,1,0,1,1,0,0,0,0,0
0,0,0,39,362,323,194,194,39,39,0,0,79,40,39,39,39,39,2,0,0,2,0,0,0,1,1,0,1,1,0,0,0,0,0
0,0,0,39,326,287,174,174,39,39,0,0,79,40,39,39,39,39,2,0,0,2,0,0,0,1,1,0,1,1,0,0,0,0,0
0,0,0,41,363,322,242,242,41,41,0,0,83,42,41,41,41,41,2,0,0,2,0,0,0,1,1,0,1,1,0,0,0,0,0
0,0,0,40,314,274,171,171,40,40,0,0,81,41,40,40,40,40,4,0,0,4,0,0,0,1,1,0,1,1,0,0,0,0,0
0,0,0,39,317,278,211,211,39,39,0,0,79,40,39,39,39,39,3,0,0,3,0,0,0,1,1,0,1,1,0,0,0,0,0
0,0,0,40,358,318,183,183,40,40,0,0,81,41,40,40,40,40,5,0,0,5,0,0,0,1,1,0,1,1,0,0,0,0,0
0,0,0,41,318,277,207,207,41,41,0,0,83,42,41,41,41,41,1,0,0,1,0,0,0,1,1,0,1,1,0,0,0,0,0
0,0,0,40,298,258,191,191,40,40,0,0,81,41,40,40,40,40,2,0,0,2,0,0,0,1,1,0,1,1,0,0,0,0,0
0,0,0,40,325,285,189,189,40,40,0,0,81,41,40,40,40,40,2,0,0,2,0,0,0,1,1,0,1,1,0,0,0,0,0
0,0,0,39,339,300,190,190,39,39,0,0,79,40,39,39,39,39,1,0,0,1,0,0,0,1,1,0,1,1,0,0,0,0,0
0,0,0,41,310,269,157,157,41,41,0,0,83,42,41,41,41,41,2,0,0,2,0,0,0,1,1,0,1,1,0,0,0,0,0
0,0,0,40,357,317,251,251,40,40,0,0,81,41,40,40,40,40,2,0,0,2,0,0,0,1,1,0,1,1,0,0,0,0,0
0,0,0,39,314,275,160,160,39,39,0,0,79,40,39,39,39,39,4,0,0,4,0,0,0,1,1,0,1,1,0,0,0,0,0
0,0,0,39,352,313,242,242,39,39,0,0,79,40,39,39,39,39,2,0,0,2,0,0,0,1,1,0,1,1,0,0,0,0,0
0,0,0,39,285,246,173,173,39,39,0,0,79,40,39,39,39,39,2,0,0,2,0,0,0,1,1,0,1,1,0,0,0,0,0
0,0,0,39,319,280,211,211,39,39,0,0,79,40,39,39,39,39,2,0,0,2,0,0,0,1,1,0,1,1,0,0,0,0,0
0,0,0,40,306,266,177,177,40,40,0,0,81,41,40,40,40,40,6,0,0,6,0,0,0,1,1,0,1,1,0,0,0,0,0
0,0,0,39,305,266,159,159,39,39,0,0,79,40,39,39,39,39,1,0,0,1,0,0,0,1,1,0,1,1,0,0,0,0,0
0,0,0,39,311,272,197,197,39,39,0,0,79,40,39,39,39,39,2,0,0,2,0,0,0,1,1,0,1,1,0,0,0,0,0
0,0,0,39,336,297,136,136,39,39,0,0,79,40,39,39,39,39,4,0,0,4,0,0,0,1,1,0,1,1,0,0,0,0,0
0,0,0,39,300,261,175,175,39,39,0,0,79,40,39,39,39,39,1,0,0,1,0,0,0,1,1,0,1,1,0,0,0,0,0
0,0,0,40,355,315,195,195,40,40,0,0,81,41,40,40,40,40,2,0,0,2,0,0,0,1,1,0,1,1,0,0,0,0,0
0,0,0,40,362,322,172,172,40,40,0,0,81,41,40,40,40,40,1,0,0,1,0,0,0,1,1,0,1,1,0,0,0,0,0
0,0,0,39,284,245,179,179,39,39,0,0,79,40,39,39,39,39,2,0,0,2,0,0,0,1,1,0,1,1,0,0,0,0,0
0,0,0,39,313,274,181,181,39,39,0,0,79,40,39,39,39,39,1,0,0,1,0,0,0,1,1,0,1,1,0,0,0,0,0
0,0,0,40,305,265,179,179,40,40,0,0,81,41,40,40,40,40,3,0,0,3,0,0,0,1,1,0,1,1,0,0,0,0,0
0,0,0,39,300,261,166,166,39,39,0,0,79,40,39,39,39,39,2,0,0,2,0,0,0,1,1,0,1,1,0,0,0,0,0
0,0,0,40,307,267,208,208,40,40,0,0,81,41,40,40,40,40,2,0,0,2,0,0,0,1,1,0,1,1,0,0,0,0,0
0,0,0,39,337,298,155,155,39,39,0,0,79,40,39,39,39,39,0,0,0,0,0,0,0,1,1,0,1,1,0,0,0,0,0
0,0,0,39,401,362,248,248,39,39,0,0,79,40,39,39,39,39,1,0,0,1,0,0,0,1,1,0,1,1,0,0,0,0,0
0,0,0,39,360,321,258,258,39,39,0,0,79,40,39,39,39,39,1,0,0,1,0,0,0,1,1,0,1,1,0,0,0,0,0
0,0,0,40,300,260,154,154,40,40,0,0,81,41,40,40,40,40,4,0,0,4,0,0,0,1,1,0,1,1,0,0,0,0,0
0,0,0,41,392,351,277,277,41,41,0,0,83,42,41,41,41,41,0,0,0,0,0,0,0,1,1,0,1,1,0,0,0,0,0
0,0,0,39,304,265,161,161,39,39,0,0,79,40,39,39,39,39,1,0,0,1,0,0,0,1,1,0,1,1,0,0,0,0,0
0,0,0,40,306,266,150,150,40,40,0,0,81,41,40,40,40,40,2,0,0,2,0,0,0,1,1,0,1,1,0,0,0,0,0
0,0,0,41,377,336,181,181,41,41,0,0,83,42,41,41,41,41,4,0,0,4,0,0,0,1,1,0,1,1,0,0,0,0,0
0,0,0,40,282,242,172,172,40,40,0,0,81,41,40,40,40,40,4,0,0,4,0,0,0,1,1,0,1,1,0,0,0,0,0
0,0,0,40,358,318,252,252,40,40,0,0,81,41,40,40,40,40,1,0,0,1,0,0,0,1,1,0,1,1,0,0,0,0,0
0,0,0,39,295,256,157,157,39,39,0,0,79,40,39,39,39,39,2,0,0,2,0,0,0,1,1,0,1,1,0,0,0,0,0
0,0,0,41,329,288,185,185,41,41,0,0,83,42,41,41,41,41,0,0,0,0,0,0,0,1,1,0,1,1,0,0,0,0,0
0,0,0,39,315,276,198,198,39,39,0,0,79,40,39,39,39,39,5,0,0,5,0,0,0,1,1,0,1,1,0,0,0,0,0
0,0,0,39,312,273,179,179,39,39,0,0,79,40,39,39,39,39,1,0,0,1,0,0,0,1,1,0,1,1,0,0,0,0,0
0,0,0,39,299,260,173,173,39,39,0,0,79,40,39,39,39,39,3,0,0,3,0,0,0,1,1,0,1,1,0,0,0,0,0
0,0,0,41,346,305,219,219,41,41,0,0,83,42,41,41,41,41,2,0,0,2,0,0,0,1,1,0,1,1,0,0,0,0,0
0,0,0,40,344,304,195,195,40,40,0,0,81,41,40,40,40,40,5,0,0,5,0,0,0,1,1,0,1,1,0,0,0,0,0
0,0,0,40,351,311,204,204,40,40,0,0,81,41,40,40,40,40,3,0,0,3,0,0,0,1,1,0,1,1,0,0,0,0,0
0,0,0,40,311,271,192,192,40,40,0,0,81,41,40,40,40,40,1,0,0,1,0,0,0,1,1,0,1,1,0,0,0,0,0
0,0,0,39,333,294,169,169,39,39,0,0,79,40,39,39,39,39,4,0,0,4,0,0,0,1,1,0,1,1,0,0,0,0,0
0,0,0,40,365,325,191,191,40,40,0,0,81,41,40,40,40,40,0,0,0,0,0,0,0,1,1,0,1,1,0,0,0,0,0
0,0,0,41,332,291,234,234,41,41,0,0,83,42,41,41,41,41,2,0,0,2,0,0,0,1,1,0,1,1,0,0,0,0,0
0,0,0,41,282,241,174,174,41,41,0,0,83,42,41,41,41,41,0,0,0,0,0,0,0,1,1,0,1,1,0,0,0,0,0
0,0,0,40,376,336,208,208,40,40,0,0,81,41,40,40,40,40,2,0,0,2,0,0,0,1,1,0,1,1,0,0,0,0,0
0,0,0,40,288,248,176,176,40,40,0,0,81,41,40,40,40,40,0,0,0,0,0,0,0,1,1,0,1,1,0,0,0,0,0
0,0,0,41,325,284,193,193,41,41,0,0,83,42,41,41,41,41,0,0,0,0,0,0,0,1,1,0,1,1,0,0,0,0,0
0,0,0,39,319,280,194,194,39,39,0,0,79,40,39,39,39,39,3,0,0,3,0,0,0,1,1,0,1,1,0,0,0,0,0
0,0,0,39,316,277,217,217,39,39,0,0,79,40,39,39,39,39,0,0,0,0,0,0,0,1,1,0,1,1,0,0,0,0,0
0,0,0,40,315,275,219,219,40,40,0,0,81,41,40,40,40,40,4,0,0,4,0,0,0,1,1,0,1,1,0,0,0,0,0
0,0,0,39,312,273,212,212,39,39,0,0,79,40,39,39,39,39,3,0,0,3,0,0,0,1,1,0,1,1,0,0,0,0,0
0,0,0,40,317,277,212,212,40,40,0,0,81,41,40,40,40,40,3,0,0,3,0,0,0,1,1,0,1,1,0,0,0,0,0
0,0,0,39,309,270,162,162,39,39,0,0,79,40,39,39,39,39,3,0,0,3,0,0,0,1,1,0,1,1,0,0,0,0,0
0,0,0,39,345,306,250,250,39,39,0,0,79,40,39,39,39,39,2,0,0,2,0,0,0,1,1,0,1,1,0,0,0,0,0
0,0,0,40,331,291,189,189,40,40,0,0,81,41,40,40,40,40,1,0,0,1,0,0,0,1,1,0,1,1,0,0,0,0,0
0,0,0,41,362,321,224,224,41,41,0,0,83,42,41,41,41,41,4,0,0,4,0,0,0,1,1,0,1,1,0,0,0,0,0
0,0,0,40,299,259,182,182,40,40,0,0,81,41,40,40,40,40,2,0,0,2,0,0,0,1,1,0,1,1,0,0,0,0,0
0,0,0,39,314,275,182,182,39,39,0,0,79,40,39,39,39,39,2,0,0,2,0,0,0,1,1,0,1,1,0,0,0,0,0
0,0,0,41,324,283,218,218,41,41,0,0,83,42,41,41,41,41,4,0,0,4,0,0,0,1,1,0,1,1,0,0,0,0,0
0,0,0,41,304,263,204,204,41,41,0,0,83,42,41,41,41,41,0,0,0,0,0,0,0,1,1,0,1,1,0,0,0,0,0
0,0,0,40,332,292,174,174,40,40,0,0,81,41,40,40,40,40,2,0,0,2,0,0,0,1,1,0,1,1,0,0,0,0,0
0,0,0,40,322,282,206,206,40,40,0,0,81,41,40,40,40,40,1,0,0,1,0,0,0,1,1,0,1,1,0,0,0,0,0
0,0,0,40,364,324,176,176,40,40,0,0,81,41,40,40,40,40,3,0,0,3,0,0,0,1,1,0,1,1,0,0,0,0,0
0,0,0,39,297,258,189,189,39,39,0,0,79,40,39,39,39,39,3,0,0,3,0,0,0,1,1,0,1,1,0,0,0,0,0
0,0,0,40,339,299,221,221,40,40,0,0,81,41,40,40,40,40,2,0,0,2,0,0,0,1,1,0,1,1,0,0,0,0,0
0,0,0,39,394,355,203,203,39,39,0,0,79,40,39,39,39,39,3,0,0,3,0,0,0,1,1,0,1,1,0,0,0,0,0
0,0,0,39,285,246,173,173,39,39,0,0,79,40,39,39,39,39,2,0,0,2,0,0,0,1,1,0,1,1,0,0,0,0,0
0,0,0,41,345,304,228,228,41,41,0,0,83,42,41,41,41,41,3,0,0,3,0,0,0,1,1,0,1,1,0,0,0,0,0
0,0,0,39,343,304,200,200,39,39,0,0,79,40,39,39,39,39,2,0,0,2,0,0,0,1,1,0,1,1,0,0,0,0,0
0,0,0,41,322,281,186,186,41,41,0,0,83,42,41,41,41,41,1,0,0,1,0,0,0,1,1,0,1,1,0,0,0,0,0
0,0,0,39,294,255,201,201,39,39,0,0,79,40,39,39,39,39,2,0,0,2,0,0,0,1,1,0,1,1,0,0,0,0,0
0,0,0,40,427,387,296,296,40,40,0,0,81,41,40,40,40,40,4,0,0,4,0,0,0,1,1,0,1,1,0,0,0,0,0
0,0,0,39,308,269,154,154,39,39,0,0,79,40,39,39,39,39,1,0,0,1,0,0,0,1,1,0,1,1,0,0,0,0,0
0,0,0,40,293,253,170,170,40,40,0,0,81,41,40,40,40,40,1,0,0,1,0,0,0,1,1,0,1,1,0,0,0,0,0
0,0,0,41,334,293,177,177,41,41,0,0,83,42,41,41,41,41,1,0,0,1,0,0,0,1,1,0,1,1,0,0,0,0,0
0,0,0,40,407,367,216,216,40,40,0,0,81,41,40,40,40,40,4,0,0,4,0,0,0,1,1,0,1,1,0,0,0,0,0
0,0,0,41,315,274,125,125,41,41,0,0,83,42,41,41,41,41,3,0,0,3,0,0,0,1,1,0,1,1,0,0,0,0,0
0,0,0,41,343,302,206,206,41,41,0,0,83,42,41,41,41,41,4,0,0,4,0,0,0,1,1,0,1,1,0,0,0,0,0
0,0,0,41,322,281,193,193,41,41,0,0,83,42,41,41,41,41,1,0,0,1,0,0,0,1,1,0,1,1,0,0,0,0,0
0,0,0,39,276,237,148,148,39,39,0,0,79,40,39,39,39,39,4,0,0,4,0,0,0,1,1,0,1,1,0,0,0,0,0
0,0,0,40,326,286,217,217,40,40,0,0,81,41,40,40,40,40,0,0,0,0,0,0,0,1,1,0,1,1,0,0,0,0,0
0,0,0,39,343,304,206,206,39,39,0,0,79,40,39,39,39,39,2,0,0,2,0,0,0,1,1,0,1,1,0,0,0,0,0
0,0,0,40,312,272,209,209,40,40,0,0,81,41,40,40,40,40,1,0,0,1,0,0,0,1,1,0,1,1,0,0,0,0,0
0,0,0,40,322,282,198,198,40,40,0,0,81,41,40,40,40,40,3,0,0,3,0,0,0,1,1,0,1,1,0,0,0,0,0
0,0,0,39,305,266,202,202,39,39,0,0,79,40,39,39,39,39,1,0,0,1,0,0,0,1,1,0,1,1,0,0,0,0,0
0,0,0,40,295,255,175,175,40,40,0,0,81,41,40,40,40,40,2,0,0,2,0,0,0,1,1,0,1,1,0,0,0,0,0
0,0,0,40,366,326,263,263,40,40,0,0,81,41,40,40,40,40,2,0,0,2,0,0,0,1,1,0,1,1,0,0,0,0,0
0,0,0,41,305,264,173,173,41,41,0,0,83,42,41,41,41,41,1,0,0,1,0,0,0,1,1,0,1,1,0,0,0,0,0
0,0,0,39,322,283,224,224,39,39,0,0,79,40,39,39,39,39,1,0,0,1,0,0,0,1,1,0,1,1,0,0,0,0,0
0,0,0,39,315,276,189,189,39,39,0,0,79,40,39,39,39,39,2,0,0,2,0,0,0,1,1,0,1,1,0,0,0,0,0
0,0,0,39,327,288,223,223,39,39,0,0,79,40,39,39,39,39,1,0,0,1,0,0,0,1,1,0,1,1,0,0,0,0,0
0,0,0,40,316,276,184,184,40,40,0,0,81,41,40,40,40,40,4,0,0,4,0,0,0,1,1,0,1,1,0,0,0,0,0
0,0,0,40,336,296,217,217,40,40,0,0,81,41,40,40,40,40,2,0,0,2,0,0,0,1,1,0,1,1,0,0,0,0,0
0,0,0,40,296,256,185,185,40,40,0,0,81,41,40,40,40,40,3,0,0,3,0,0,0,1,1,0,1,1,0,0,0,0,0
0,0,0,40,355,315,182,182,40,40,0,0,81,41,40,40,40,40,3,0,0,3,0,0,0,1,1,0,1,1,0,0,0,0,0
0,0,0,39,282,243,180,180,39,39,0,0,79,40,39,39,39,39,4,0,0,4,0,0,0,1,1,0,1,1,0,0,0,0,0
0,0,0,40,327,287,198,198,40,40,0,0,81,41,40,40,40,40,0,0,0,0,0,0,0,1,1,0,1,1,0,0,0,0,0
0,0,0,40,306,266,145,145,40,40,0,0,81,41,40,40,40,40,4,0,0,4,0,0,0,1,1,0,1,1,0,0,0,0,0
0,0,0,40,340,300,211,211,40,40,0,0,81,41,40,40,40,40,3,0,0,3,0,0,0,1,1,0,1,1,0,0,0,0,0
0,0,0,39,326,287,181,181,39,39,0,0,79,40,39,39,39,39,1,0,0,1,0,0,0,1,1,0,1,1,0,0,0,0,0
0,0,0,39,330,291,192,192,39,39,0,0,79,40,39,39,39,39,2,0,0,2,0,0,0,1,1,0,1,1,0,0,0,0,0
0,0,0,39,307,268,197,197,39,39,0,0,79,40,39,39,39,39,3,0,0,3,0,0,0,1,1,0,1,1,0,0,0,0,0
0,0,0,39,301,262,178,178,39,39,0,0,79,40,39,39,39,39,1,0,0,1,0,0,0,1,1,0,1,1,0,0,0,0,0
0,0,0,41,293,252,179,179,41,41,0,0,83,42,41,41,41,41,3,0,0,3,0,0,0,1,1,0,1,1,0,0,0,0,0
0,0,0,40,289,249,170,170,40,40,0,0,81,41,40,40,40,40,3,0,0,3,0,0,0,1,1,0,1,1,0,0,0,0,0
0,0,0,39,304,265,168,168,39,39,0,0,79,40,39,39,39,39,2,0,0,2,0,0,0,1,1,0,1,1,0,0,0,0,0
0,0,0,41,319,278,206,206,41,41,0,0,83,42,41,41,41,41,4,0,0,4,0,0,0,1,1,0,1,1,0,0,0,0,0
0,0,0,40,321,281,201,201,40,40,0,0,81,41,40,40,40,40,2,0,0,2,0,0,0,1,1,0,1,1,0,0,0,0,0
0,0,0,40,316,276,150,150,40,40,0,0,81,41,40,40,40,40,3,0,0,3,0,0,0,1,1,0,1,1,0,0,0,0,0
0,0,0,39,309,270,139,139,39,39,0,0,79,40,39,39,39,39,2,0,0,2,0,0,0,1,1,0,1,1,0,0,0,0,0
0,0,0,41,328,287,188,188,41,41,0,0,83,42,41,41,41,41,0,0,0,0,0,0,0,1,1,0,1,1,0,0,0,0,0
0,0,0,40,364,324,209,209,40,40,0,0,81,41,40,40,40,40,3,0,0,3,0,0,0,1,1,0,1,1,0,0,0,0,0
0,0,0,40,341,301,207,207,40,40,0,0,81,41,40,40,40,40,2,0,0,2,0,0,0,1,1,0,1,1,0,0,0,0,0
0,0,0,39,341,302,203,203,39,39,0,0,79,40,39,39,39,39,1,0,0,1,0,0,0,1,1,0,1,1,0,0,0,0,0
0,0,0,40,311,271,133,133,40,40,0,0,81,41,40,40,40,40,2,0,0,2,0,0,0,1,1,0,1,1,0,0,0,0,0
0,0,0,40,346,306,236,236,40,40,0,0,81,41,40,40,40,40,0,0,0,0,0,0,0,1,1,0,1,1,0,0,0,0,0
0,0,0,39,331,292,213,213,39,39,0,0,79,40,39,39,39,39,4,0,0,4,0,0,0,1,1,0,1,1,0,0,0,0,0
0,0,0,39,304,265,199,199,39,39,0,0,79,40,39,39,39,39,2,0,0,2,0,0,0,1,1,0,1,1,0,0,0,0,0
0,0,0,39,307,268,146,146,39,39,0,0,79,40,39,39,39,39,0,0,0,0,0,0,0,1,1,0,1,1,0,0,0,0,0
0,0,0,40,310,270,147,147,40,40,0,0,81,41,40,40,40,40,3,0,0,3,0,0,0,1,1,0,1,1,0,0,0,0,0
0,0,0,40,285,245,146,146,40,40,0,0,81,41,40,40,40,40,3,0,0,3,0,0,0,1,1,0,1,1,0,0,0,0,0
0,0,0,40,309,269,197,197,40,40,0,0,81,41,40,40,40,40,1,0,0,1,0,0,0,1,1,0,1,1,0,0,0,0,0
0,0,0,39,373,334,214,214,39,39,0,0,79,40,39,39,39,39,1,0,0,1,0,0,0,1,1,0,1,1,0,0,0,0,0
0,0,0,40,296,256,188,188,40,40,0,0,81,41,40,40,40,40,1,0,0,1,0,0,0,1,1,0,1,1,0,0,0,0,0
0,0,0,39,301,262,164,164,39,39,0,0,79,40,39,39,39,39,1,0,0,1,0,0,0,1,1,0,1,1,0,0,0,0,0
0,0,0,40,326,286,189,189,40,40,0,0,81,41,40,40,40,40,1,0,0,1,0,0,0,1,1,0,1,1,0,0,0,0,0
0,0,0,39,314,275,201,201,39,39,0,0,79,40,39,39,39,39,2,0,0,2,0,0,0,1,1,0,1,1,0,0,0,0,0
0,0,0,40,311,271,185,185,40,40,0,0,81,41,40,40,40,40,1,0,0,1,0,0,0,1,1,0,1,1,0,0,0,0,0
0,0,0,41,337,296,216,216,41,41,0,0,83,42,41,41,41,41,0,0,0,0,0,0,0,1,1,0,1,1,0,0,0,0,0
0,0,0,40,333,293,226,226,40,40,0,0,81,41,40,40,40,40,1,0,0,1,0,0,0,1,1,0,1,1,0,0,0,0,0
0,0,0,39,332,293,214,214,39,39,0,0,79,40,39,39,39,39,1,0,0,1,0,0,0,1,1,0,1,1,0,0,0,0,0
0,0,0,39,345,306,189,189,39,39,0,0,79,40,39,39,39,39,0,0,0,0,0,0,0,1,1,0,1,1,0,0,0,0,0
0,0,0,40,320,280,210,210,40,40,0,0,81,41,40,40,40,40,3,0,0,3,0,0,0,1,1,0,1,1,0,0,0,0,0
0,0,0,40,346,306,193,193,40,40,0,0,81,41,40,40,40,40,4,0,0,4,0,0,0,1,1,0,1,1,0,0,0,0,0
0,0,0,39,285,246,168,168,39,39,0,0,79,40,39,39,39,39,1,0,0,1,0,0,0,1,1,0,1,1,0,0,0,0,0
0,0,0,40,320,280,205,205,40,40,0,0,81,41,40,40,40,40,1,0,0,1,0,0,0,1,1,0,1,1,0,0,0,0,0
0,0,0,41,316,275,178,178,41,41,0,0,83,42,41,41,41,41,1,0,0,1,0,0,0,1,1,0,1,1,0,0,0,0,0
0,0,0,39,340,301,207,207,39,39,0,0,79,40,39,39,39,39,1,0,0,1,0,0,0,1,1,0,1,1,0,0,0,0,0
0,0,0,39,295,256,158,158,39,39,0,0,79,40,39,39,39,39,2,0,0,2,0,0,0,1,1,0,1,1,0,0,0,0,0
0,0,0,39,329,290,194,194,39,39,0,0,79,40,39,39,39,39,3,0,0,3,0,0,0,1,1,0,1,1,0,0,0,0,0
0,0,0,40,329,289,205,205,40,40,0,0,81,41,40,40,40,40,4,0,0,4,0,0,0,1,1,0,1,1,0,0,0,0,0
0,0,0,41,378,337,239,239,41,41,0,0,83,42,41,41,41,41,2,0,0,2,0,0,0,1,1,0,1,1,0,0,0,0,0
0,0,0,39,290,251,187,187,39,39,0,0,79,40,39,39,39,39,2,0,0,2,0,0,0,1,1,0,1,1,0,0,0,0,0
0,0,0,40,284,244,163,163,40,40,0,0,81,41,40,40,40,40,1,0,0,1,0,0,0,1,1,0,1,1,0,0,0,0,0
0,0,0,40,340,300,162,162,40,40,0,0,81,41,40,40,40,40,2,0,0,2,0,0,0,1,1,0,1,1,0,0,0,0,0
0,0,0,40,321,281,203,203,40,40,0,0,81,41,40,40,40,40,2,0,0,2,0,0,0,1,1,0,1,1,0,0,0,0,0
0,0,0,40,417,377,323,323,40,40,0,0,81,41,40,40,40,40,2,0,0,2,0,0,0,1,1,0,1,1,0,0,0,0,0
0,0,0,39,344,305,218,218,39,39,0,0,79,40,39,39,39,39,0,0,0,0,0,0,0,1,1,0,1,1,0,0,0,0,0
0,0,0,39,358,319,169,169,39,39,0,0,79,40,39,39,39,39,1,0,0,1,0,0,0,1,1,0,1,1,0,0,0,0,0
0,0,0,40,313,273,162,162,40,40,0,0,81,41,40,40,40,40,1,0,0,1,0,0,0,1,1,0,1,1,0,0,0,0,0
0,0,0,40,373,333,171,171,40,40,0,0,81,41,40,40,40,40,3,0,0,3,0,0,0,1,1,0,1,1,0,0,0,0,0
0,0,0,40,320,280,207,207,40,40,0,0,81,41,40,40,40,40,0,0,0,0,0,0,0,1,1,0,1,1,0,0,0,0,0
0,0,0,41,323,282,215,215,41,41,0,0,83,42,41,41,41,41,2,0,0,2,0,0,0,1,1,0,1,1,0,0,0,0,0
0,0,0,40,336,296,175,175,40,40,0,0,81,41,40,40,40,40,1,0,0,1,0,0,0,1,1,0,1,1,0,0,0,0,0
0,0,0,39,283,244,178,178,39,39,0,0,79,40,39,39,39,39,2,0,0,2,0,0,0,1,1,0,1,1,0,0,0,0,0
0,0,0,41,330,289,224,224,41,41,0,0,83,42,41,41,41,41,4,0,0,4,0,0,0,1,1,0,1,1,0,0,0,0,0
0,0,0,40,326,286,172,172,40,40,0,0,81,41,40,40,40,40,2,0,0,2,0,0,0,1,1,0,1,1,0,0,0,0,0
0,0,0,41,318,277,190,190,41,41,0,0,83,42,41,41,41,41,3,0,0,3,0,0,0,1,1,0,1,1,0,0,0,0,0
0,0,0,40,297,257,201,201,40,40,0,0,81,41,40,40,40,40,1,0,0,1,0,0,0,1,1,0,1,1,0,0,0,0,0
0,0,0,39,282,243,169,169,39,39,0,0,79,40,39,39,39,39,3,0,0,3,0,0,0,1,1,0,1,1,0,0,0,0,0
0,0,0,39,384,345,216,216,39,39,0,0,79,40,39,39,39,39,2,0,0,2,0,0,0,1,1,0,1,1,0,0,0,0,0
0,0,0,41,302,261,189,189,41,41,0,0,83,42,41,41,41,41,4,0,0,4,0,0,0,1,1,0,1,1,0,0,0,0,0
0,0,0,39,282,243,173,173,39,39,0,0,79,40,39,39,39,39,3,0,0,3,0,0,0,1,1,0,1,1,0,0,0,0,0
0,0,0,41,331,290,223,223,41,41,0,0,83,42,41,41,41,41,2,0,0,2,0,0,0,1,1,0,1,1,0,0,0,0,0
0,0,0,40,299,259,156,156,40,40,0,0,81,41,40,40,40,40,1,0,0,1,0,0,0,1,1,0,1,1,0,0,0,0,0
0,0,0,40,405,365,269,269,40,40,0,0,81,41,40,40,40,40,3,0,0,3,0,0,0,1,1,0,1,1,0,0,0,0,0
0,0,0,39,310,271,187,187,39,39,0,0,79,40,39,39,39,39,2,0,0,2,0,0,0,1,1,0,1,1,0,0,0,0,0
0,0,0,39,336,297,231,231,39,39,0,0,79,40,39,39,39,39,5,0,0,5,0,0,0,1,1,0,1,1,0,0,0,0,0
0,0,0,39,321,282,208,208,39,39,0,0,79,40,39,39,39,39,0,0,0,0,0,0,0,1,1,0,1,1,0,0,0,0,0
0,0,0,40,317,277,194,194,40,40,0,0,81,41,40,40,40,40,2,0,0,2,0,0,0,1,1,0,1,1,0,0,0,0,0
0,0,0,40,313,273,183,183,40,40,0,0,81,41,40,40,40,40,3,0,0,3,0,0,0,1,1,0,1,1,0,0,0,0,0
0,0,0,39,327,288,226,226,39,39,0,0,79,40,39,39,39,39,3,0,0,3,0,0,0,1,1,0,1,1,0,0,0,0,0
0,0,0,40,331,291,231,231,40,40,0,0,81,41,40,40,40,40,1,0,0,1,0,0,0,1,1,0,1,1,0,0,0,0,0
0,0,0,40,306,266,159,159,40,40,0,0,81,41,40,40,40,40,1,0,0,1,0,0,0,1,1,0,1,1,0,0,0,0,0
0,0,0,39,318,279,179,179,39,39,0,0,79,40,39,39,39,39,0,0,0,0,0,0,0,1,1,0,1,1,0,0,0,0,0
0,0,0,40,337,297,217,217,40,40,0,0,81,41,40,40,40,40,1,0,0,1,0,0,0,1,1,0,1,1,0,0,0,0,0
0,0,0,40,296,256,189,189,40,40,0,0,81,41,40,40,40,40,3,0,0,3,0,0,0,1,1,0,1,1,0,0,0,0,0
0,0,0,42,330,288,190,190,42,42,0,0,85,43,42,42,42,42,3,0,0,3,0,0,0,1,1,0,1,1,0,0,0,0,0
0,0,0,39,321,282,204,204,39,39,0,0,79,40,39,39,39,39,1,0,0,1,0,0,0,1,1,0,1,1,0,0,0,0,0
0,0,0,40,394,354,239,239,40,40,0,0,81,41,40,40,40,40,2,0,0,2,0,0,0,1,1,0,1,1,0,0,0,0,0
0,0,0,40,312,272,199,199,40,40,0,0,81,41,40,40,40,40,2,0,0,2,0,0,0,1,1,0,1,1,0,0,0,0,0
0,0,0,40,320,280,219,219,40,40,0,0,81,41,40,40,40,40,1,0,0,1,0,0,0,1,1,0,1,1,0,0,0,0,0
0,0,0,40,303,263,159,159,40,40,0,0,81,41,40,40,40,40,2,0,0,2,0,0,0,1,1,0,1,1,0,0,0,0,0
0,0,0,40,363,323,195,195,40,40,0,0,81,41,40,40,40,40,3,0,0,3,0,0,0,1,1,0,1,1,0,0,0,0,0
0,0,0,39,323,284,173,173,39,39,0,0,79,40,39,39,39,39,0,0,0,0,0,0,0,1,1,0,1,1,0,0,0,0,0
0,0,0,39,276,237,172,172,39,39,0,0,79,40,39,39,39,39,0,0,0,0,0,0,0,1,1,0,1,1,0,0,0,0,0
0,0,0,40,434,394,320,320,40,40,0,0,81,41,40,40,40,40,4,0,0,4,0,0,0,1,1,0,1,1,0,0,0,0,0
0,0,0,40,373,333,143,143,40,40,0,0,81,41,40,40,40,40,2,0,0,2,0,0,0,1,1,0,1,1,0,0,0,0,0
0,0,0,41,362,321,189,189,41,41,0,0,83,42,41,41,41,41,3,0,0,3,0,0,0,1,1,0,1,1,0,0,0,0,0
0,0,0,41,313,272,198,198,41,41,0,0,83,42,41,41,41,41,0,0,0,0,0,0,0,1,1,0,1,1,0,0,0,0,0
0,0,0,40,331,291,196,196,40,40,0,0,81,41,40,40,40,40,4,0,0,4,0,0,0,1,1,0,1,1,0,0,0,0,0
0,0,0,40,332,292,202,202,40,40,0,0,81,41,40,40,40,40,2,0,0,2,0,0,0,1,1,0,1,1,0,0,0,0,0
0,0,0,40,299,259,175,175,40,40,0,0,81,41,40,40,40,40,3,0,0,3,0,0,0,1,1,0,1,1,0,0,0,0,0
0,0,0,39,296,257,140,140,39,39,0,0,79,40,39,39,39,39,2,0,0,2,0,0,0,1,1,0,1,1,0,0,0,0,0
0,0,0,39,314,275,190,190,39,39,0,0,79,40,39,39,39,39,1,0,0,1,0,0,0,1,1,0,1,1,0,0,0,0,0
0,0,0,39,327,288,134,134,39,39,0,0,79,40,39,39,39,39,3,0,0,3,0,0,0,1,1,0,1,1,0,0,0,0,0
0,0,0,39,320,281,212,212,39,39,0,0,79,40,39,39,39,39,3,0,0,3,0,0,0,1,1,0,1,1,0,0,0,0,0
0,0,0,40,287,247,164,164,40,40,0,0,81,41,40,40,40,40,1,0,0,1,0,0,0,1,1,0,1,1,0,0,0,0,0
0,0,0,39,323,284,212,212,39,39,0,0,79,40,39,39,39,39,2,0,0,2,0,0,0,1,1,0,1,1,0,0,0,0,0
0,0,0,39,327,288,222,222,39,39,0,0,79,40,39,39,39,39,0,0,0,0,0,0,0,1,1,0,1,1,0,0,0,0,0
0,0,0,39,362,323,248,248,39,39,0,0,79,40,39,39,39,39,3,0,0,3,0,0,0,1,1,0,1,1,0,0,0,0,0
0,0,0,40,346,306,215,215,40,40,0,0,81,41,40,40,40,40,2,0,0,2,0,0,0,1,1,0,1,1,0,0,0,0,0
0,0,0,39,337,298,228,228,39,39,0,0,79,40,39,39,39,39,0,0,0,0,0,0,0,1,1,0,1,1,0,0,0,0,0
0,0,0,40,289,249,156,156,40,40,0,0,81,41,40,40,40,40,2,0,0,2,0,0,0,1,1,0,1,1,0,0,0,0,0
0,0,0,40,348,308,202,202,40,40,0,0,81,41,40,40,40,40,1,0,0,1,0,0,0,1,1,0,1,1,0,0,0,0,0
0,0,0,39,306,267,177,177,39,39,0,0,79,40,39,39,39,39,3,0,0,3,0,0,0,1,1,0,1,1,0,0,0,0,0
0,0,0,40,388,348,218,218,40,40,0,0,81,41,40,40,40,40,1,0,0,1,0,0,0,1,1,0,1,1,0,0,0,0,0
0,0,0,41,316,275,214,214,41,41,0,0,83,42,41,41,41,41,0,0,0,0,0,0,0,1,1,0,1,1,0,0,0,0,0
0,0,0,39,374,335,241,241,39,39,0,0,79,40,39,39,39,39,0,0,0,0,0,0,0,1,1,0,1,1,0,0,0,0,0
0,0,0,39,344,305,149,149,39,39,0,0,79,40,39,39,39,39,3,0,0,3,0,0,0,1,1,0,1,1,0,0,0,0,0
0,0,0,40,302,262,160,160,40,40,0,0,81,41,40,40,40,40,2,0,0,2,0,0,0,1,1,0,1,1,0,0,0,0,0
0,0,0,39,300,261,161,161,39,39,0,0,79,40,39,39,39,39,1,0,0,1,0,0,0,1,1,0,1,1,0,0,0,0,0
0,0,0,39,281,242,151,151,39,39,0,0,79,40,39,39,39,39,0,0,0,0,0,0,0,1,1,0,1,1,0,0,0,0,0
0,0,0,39,393,354,225,225,39,39,0,0,79,40,39,39,39,39,3,0,0,3,0,0,0,1,1,0,1,1,0,0,0,0,0
0,0,0,39,279,240,160,160,39,39,0,0,79,40,39,39,39,39,1,0,0,1,0,0,0,1,1,0,1,1,0,0,0,0,0
0,0,0,39,286,247,167,167,39,39,0,0,79,40,39,39,39,39,2,0,0,2,0,0,0,1,1,0,1,1,0,0,0,0,0
0,0,0,39,310,271,176,176,39,39,0,0,79,40,39,39,39,39,1,0,0,1,0,0,0,1,1,0,1,1,0,0,0,0,0
0,0,0,40,429,389,288,288,40,40,0,0,81,41,40,40,40,40,1,0,0,1,0,0,0,1,1,0,1,1,0,0,0,0,0
0,0,0,39,347,308,248,248,39,39,0,0,79,40,39,39,39,39,2,0,0,2,0,0,0,1,1,0,1,1,0,0,0,0,0
0,0,0,39,337,298,171,171,39,39,0,0,79,40,39,39,39,39,5,0,0,5,0,0,0,1,1,0,1,1,0,0,0,0,0
0,0,0,40,327,287,223,223,40,40,0,0,81,41,40,40,40,40,3,0,0,3,0,0,0,1,1,0,1,1,0,0,0,0,0
0,0,0,40,389,349,275,275,40,40,0,0,81,41,40,40,40,40,1,0,0,1,0,0,0,1,1,0,1,1,0,0,0,0,0
0,0,0,39,299,260,180,180,39,39,0,0,79,40,39,39,39,39,3,0,0,3,0,0,0,1,1,0,1,1,0,0,0,0,0
0,0,0,39,309,270,162,162,39,39,0,0,79,40,39,39,39,39,2,0,0,2,0,0,0,1,1,0,1,1,0,0,0,0,0
0,0,0,39,314,275,192,192,39,39,0,0,79,40,39,39,39,39,0,0,0,0,0,0,0,1,1,0,1,1,0,0,0,0,0
0,0,0,40,307,267,176,176,40,40,0,0,81,41,40,40,40,40,1,0,0,1,0,0,0,1,1,0,1,1,0,0,0,0,0
0,0,0,40,308,268,210,210,40,40,0,0,81,41,40,40,40,40,4,0,0,4,0,0,0,1,1,0,1,1,0,0,0,0,0
0,0,0,39,305,266,147,147,39,39,0,0,79,40,39,39,39,39,0,0,0,0,0,0,0,1,1,0,1,1,0,0,0,0,0
0,0,0,40,333,293,191,191,40,40,0,0,81,41,40,40,40,40,1,0,0,1,0,0,0,1,1,0,1,1,0,0,0,0,0
0,0,0,41,369,328,258,258,41,41,0,0,83,42,41,41,41,41,2,0,0,2,0,0,0,1,1,0,1,1,0,0,0,0,0
0,0,0,39,293,254,148,148,39,39,0,0,79,40,39,39,39,39,2,0,0,2,0,0,0,1,1,0,1,1,0,0,0,0,0
0,0,0,39,372,333,271,271,39,39,0,0,79,40,39,39,39,39,1,0,0,1,0,0,0,1,1,0,1,1,0,0,0,0,0
0,0,0,40,295,255,178,178,40,40,0,0,81,41,40,40,40,40,1,0,0,1,0,0,0,1,1,0,1,1,0,0,0,0,0
0,0,0,39,330,291,241,241,39,39,0,0,79,40,39,39,39,39,1,0,0,1,0,0,0,1,1,0,1,1,0,0,0,0,0
0,0,0,39,299,260,184,184,39,39,0,0,79,40,39,39,39,39,1,0,0,1,0,0,0,1,1,0,1,1,0,0,0,0,0
0,0,0,42,325,283,196,196,42,42,0,0,85,43,42,42,42,42,1,0,0,1,0,0,0,1,1,0,1,1,0,0,0,0,0
0,0,0,39,288,249,150,150,39,39,0,0,79,40,39,39,39,39,2,0,0,2,0,0,0,1,1,0,1,1,0,0,0,0,0
0,0,0,39,276,237,154,154,39,39,0,0,79,40,39,39,39,39,3,0,0,3,0,0,0,1,1,0,1,1,0,0,0,0,0
0,0,0,40,315,275,201,201,40,40,0,0,81,41,40,40,40,40,2,0,0,2,0,0,0,1,1,0,1,1,0,0,0,0,0
0,0,0,40,304,264,185,185,40,40,0,0,81,41,40,40,40,40,1,0,0,1,0,0,0,1,1,0,1,1,0,0,0,0,0
0,0,0,40,334,294,217,217,40,40,0,0,81,41,40,40,40,40,1,0,0,1,0,0,0,1,1,0,1,1,0,0,0,0,0
0,0,0,40,383,343,251,251,40,40,0,0,81,41,40,40,40,40,1,0,0,1,0,0,0,1,1,0,1,1,0,0,0,0,0
0,0,0,40,314,274,165,165,40,40,0,0,81,41,40,40,40,40,3,0,0,3,0,0,0,1,1,0,1,1,0,0,0,0,0
0,0,0,40,295,255,177,177,40,40,0,0,81,41,40,40,40,40,1,0,0,1,0,0,0,1,1,0,1,1,0,0,0,0,0
0,0,0,39,287,248,176,176,39,39,0,0,79,40,39,39,39,39,2,0,0,2,0,0,0,1,1,0,1,1,0,0,0,0,0
0,0,0,40,339,299,222,222,40,40,0,0,81,41,40,40,40,40,1,0,0,1,0,0,0,1,1,0,1,1,0,0,0,0,0
0,0,0,39,314,275,189,189,39,39,0,0,79,40,39,39,39,39,2,0,0,2,0,0,0,1,1,0,1,1,0,0,0,0,0
0,0,0,40,289,249,147,147,40,40,0,0,81,41,40,40,40,40,0,0,0,0,0,0,0,1,1,0,1,1,0,0,0,0,0
0,0,0,40,335,295,206,206,40,40,0,0,81,41,40,40,40,40,3,0,0,3,0,0,0,1,1,0,1,1,0,0,0,0,0
0,0,0,40,303,263,147,147,40,40,0,0,81,41,40,40,40,40,2,0,0,2,0,0,0,1,1,0,1,1,0,0,0,0,0
0,0,0,42,343,301,218,218,42,42,0,0,85,43,42,42,42,42,1,0,0,1,0,0,0,1,1,0,1,1,0,0,0,0,0
0,0,0,40,298,258,167,167,40,40,0,0,81,41,40,40,40,40,1,0,0,1,0,0,0,1,1,0,1,1,0,0,0,0,0
0,0,0,40,401,361,283,283,40,40,0,0,81,41,40,40,40,40,4,0,0,4,0,0,0,1,1,0,1,1,0,0,0,0,0
0,0,0,40,294,254,164,164,40,40,0,0,81,41,40,40,40,40,0,0,0,0,0,0,0,1,1,0,1,1,0,0,0,0,0
0,0,0,40,288,248,154,154,40,40,0,0,81,41,40,40,40,40,0,0,0,0,0,0,0,1,1,0,1,1,0,0,0,0,0
0,0,0,39,332,293,212,212,39,39,0,0,79,40,39,39,39,39,5,0,0,5,0,0,0,1,1,0,1,1,0,0,0,0,0
0,0,0,39,348,309,228,228,39,39,0,0,79,40,39,39,39,39,3,0,0,3,0,0,0,1,1,0,1,1,0,0,0,0,0
0,0,0,39,323,284,205,205,39,39,0,0,79,40,39,39,39,39,3,0,0,3,0,0,0,1,1,0,1,1,0,0,0,0,0
0,0,0,40,340,300,227,227,40,40,0,0,81,41,40,40,40,40,1,0,0,1,0,0,0,1,1,0,1,1,0,0,0,0,0
0,0,0,39,329,290,209,209,39,39,0,0,79,40,39,39,39,39,1,0,0,1,0,0,0,1,1,0,1,1,0,0,0,0,0
0,0,0,39,290,251,144,144,39,39,0,0,79,40,39,39,39,39,1,0,0,1,0,0,0,1,1,0,1,1,0,0,0,0,0
0,0,0,41,287,246,170,170,41,41,0,0,83,42,41,41,41,41,4,0,0,4,0,0,0,1,1,0,1,1,0,0,0,0,0
0,0,0,42,357,315,218,218,42,42,0,0,85,43,42,42,42,42,2,0,0,2,0,0,0,1,1,0,1,1,0,0,0,0,0
0,0,0,40,399,359,227,227,40,40,0,0,81,41,40,40,40,40,0,0,0,0,0,0,0,1,1,0,1,1,0,0,0,0,0
0,0,0,41,336,295,236,236,41,41,0,0,83,42,41,41,41,41,2,0,0,2,0,0,0,1,1,0,1,1,0,0,0,0,0
0,0,0,40,303,263,182,182,40,40,0,0,81,41,40,40,40,40,1,0,0,1,0,0,0,1,1,0,1,1,0,0,0,0,0
0,0,0,40,347,307,189,189,40,40,0,0,81,41,40,40,40,40,2,0,0,2,0,0,0,1,1,0,1,1,0,0,0,0,0
0,0,0,39,327,288,163,163,39,39,0,0,79,40,39,39,39,39,3,0,0,3,0,0,0,1,1,0,1,1,0,0,0,0,0
0,0,0,40,298,258,176,176,40,40,0,0,81,41,40,40,40,40,0,0,0,0,0,0,0,1,1,0,1,1,0,0,0,0,0
0,0,0,40,316,276,211,211,40,40,0,0,81,41,40,40,40,40,2,0,0,2,0,0,0,1,1,0,1,1,0,0,0,0,0
0,0,0,41,327,286,203,203,41,41,0,0,83,42,41,41,41,41,0,0,0,0,0,0,0,1,1,0,1,1,0,0,0,0,0
0,0,0,41,326,285,186,186,41,41,0,0,83,42,41,41,41,41,3,0,0,3,0,0,0,1,1,0,1,1,0,0,0,0,0
0,0,0,39,390,351,293,293,39,39,0,0,79,40,39,39,39,39,0,0,0,0,0,0,0,1,1,0,1,1,0,0,0,0,0
0,0,0,40,279,239,136,136,40,40,0,0,81,41,40,40,40,40,2,0,0,2,0,0,0,1,1,0,1,1,0,0,0,0,0
0,0,0,40,290,250,166,166,40,40,0,0,81,41,40,40,40,40,1,0,0,1,0,0,0,1,1,0,1,1,0,0,0,0,0
0,0,0,42,392,350,270,270,42,42,0,0,85,43,42,42,42,42,3,0,0,3,0,0,0,1,1,0,1,1,0,0,0,0,0
0,0,0,40,275,235,166,166,40,40,0,0,81,41,40,40,40,40,1,0,0,1,0,0,0,1,1,0,1,1,0,0,0,0,0
0,0,0,40,329,289,234,234,40,40,0,0,81,41,40,40,40,40,3,0,0,3,0,0,0,1,1,0,1,1,0,0,0,0,0
0,0,0,39,326,287,175,175,39,39,0,0,79,40,39,39,39,39,2,0,0,2,0,0,0,1,1,0,1,1,0,0,0,0,0
0,0,0,39,289,250,156,156,39,39,0,0,79,40,39,39,39,39,1,0,0,1,0,0,0,1,1,0,1,1,0,0,0,0,0
0,0,0,39,285,246,152,152,39,39,0,0,79,40,39,39,39,39,2,0,0,2,0,0,0,1,1,0,1,1,0,0,0,0,0
0,0,0,39,350,311,221,221,39,39,0,0,79,40,39,39,39,39,0,0,0,0,0,0,0,1,1,0,1,1,0,0,0,0,0
0,0,0,40,297,257,165,165,40,40,0,0,81,41,40,40,40,40,1,0,0,1,0,0,0,1,1,0,1,1,0,0,0,0,0
0,0,0,40,314,274,183,183,40,40,0,0,81,41,40,40,40,40,3,0,0,3,0,0,0,1,1,0,1,1,0,0,0,0,0
0,0,0,40,314,274,158,158,40,40,0,0,81,41,40,40,40,40,2,0,0,2,0,0,0,1,1,0,1,1,0,0,0,0,0
0,0,0,39,331,292,194,194,39,39,0,0,79,40,39,39,39,39,1,0,0,1,0,0,0,1,1,0,1,1,0,0,0,0,0
